user_id,Recommendations
U10162,"['N30290', 'N36940', 'N6916', 'N41946', 'N46976', 'N46392', 'N12320', 'N11177', 'N42844', 'N34130', 'N53242', 'N40299', 'N65007', 'N62285', 'N27167', 'N21215', 'N23094', 'N37942', 'N29862', 'N14761', 'N47406', 'N18870', 'N43142', 'N11930', 'N13408', 'N14385', 'N6023', 'N7328', 'N47558', 'N23119', 'N17166', 'N58391', 'N35094', 'N12883', 'N35389', 'N55911', 'N39737', 'N44656', 'N40692', 'N42620', 'N59704', 'N19435', 'N36786', 'N48740', 'N49914', 'N46039', 'N16715', 'N35710', 'N20078', 'N6194', 'N10560', 'N7327', 'N59943', 'N41526', 'N34287', 'N53754', 'N11784', 'N6074', 'N43061', 'N5978', 'N13137', 'N8507', 'N55468', 'N62429', 'N48544', 'N22161', 'N9317', 'N64395', 'N51706', 'N22018', 'N58801', 'N33724', 'N23239', 'N17878', 'N50019', 'N36796', 'N47847', 'N35560', 'N13374', 'N25518', 'N37131', 'N18347', 'N26176', 'N54225', 'N36792', 'N59691', 'N4593', 'N44702', 'N58057', 'N14302', 'N42215', 'N57726', 'N5252', 'N5163', 'N45289', 'N27057', 'N2960', 'N15185', 'N41226', 'N59761']"
U10278,"['N46976', 'N30290', 'N36940', 'N53242', 'N306', 'N13408', 'N23094', 'N43142', 'N36786', 'N58391', 'N53895', 'N29862', 'N55911', 'N48740', 'N53754', 'N47406', 'N14761', 'N11784', 'N27057', 'N44656', 'N40692', 'N64395', 'N35389', 'N12883', 'N35094', 'N34130', 'N20078', 'N6194', 'N10560', 'N39737', 'N54496', 'N6511', 'N5978', 'N35560', 'N47847', 'N55189', 'N57327', 'N46749', 'N17863', 'N58715', 'N43061', 'N2960', 'N53283', 'N19435', 'N4593', 'N23239', 'N36796', 'N17878', 'N50019', 'N25518', 'N18347', 'N37131', 'N35710', 'N44007', 'N57318', 'N20477', 'N33724', 'N58801', 'N1150', 'N34920', 'N64536', 'N15857', 'N30765', 'N26176', 'N60724', 'N31248', 'N42620', 'N461', 'N15892', 'N11020', 'N22018', 'N45289', 'N2782', 'N23971', 'N54850', 'N32443', 'N996', 'N58264', 'N7618', 'N54225', 'N2203', 'N39896', 'N15185', 'N41226', 'N14452', 'N25079', 'N51706', 'N33096', 'N44399', 'N42373', 'N14340', 'N62396', 'N10414', 'N57524', 'N16636', 'N13957', 'N13710', 'N60383', 'N6074', 'N16715']"
U11534,"['N13408', 'N29862', 'N19990', 'N49285', 'N12349', 'N24409', 'N27738', 'N46392', 'N29177', 'N34981', 'N45033', 'N1169', 'N37509', 'N60799', 'N20575', 'N53754', 'N37264', 'N50055', 'N59704', 'N63302', 'N20290', 'N36019', 'N27057', 'N53907', 'N19611', 'N55189', 'N57560', 'N18531', 'N13137', 'N45289', 'N2960', 'N18030', 'N10059', 'N871', 'N28128', 'N46749', 'N46846', 'N22185', 'N13008', 'N11177', 'N53234', 'N7563', 'N22519', 'N12384', 'N51793', 'N65201', 'N23614', 'N54536', 'N49820', 'N60675', 'N40640', 'N7618', 'N33397', 'N54496', 'N6511', 'N54571', 'N56447', 'N33276', 'N60340', 'N13887', 'N56663', 'N55043', 'N9284', 'N15719', 'N61811', 'N42458', 'N64467', 'N64273', 'N10867', 'N57967', 'N3259', 'N58401', 'N4593', 'N56630', 'N55846', 'N6484', 'N41899', 'N57551', 'N46039', 'N49914', 'N44402', 'N61864', 'N64395', 'N61196', 'N53422', 'N848', 'N29358', 'N29976', 'N11405', 'N31688', 'N37356', 'N22570', 'N61233', 'N51692', 'N40299', 'N49588', 'N15933', 'N9804', 'N20950', 'N8148']"
U11660,"['N11930', 'N57327', 'N61811', 'N58098', 'N49820', 'N60939', 'N27057', 'N50775', 'N9284', 'N15719', 'N46917', 'N55189', 'N19990', 'N58090', 'N40299', 'N14637', 'N33397', 'N41946', 'N23094', 'N60975', 'N54496', 'N6511', 'N18870', 'N12320', 'N13408', 'N58391', 'N61233', 'N42458', 'N3168', 'N6400', 'N47406', 'N14761', 'N48740', 'N45794', 'N11784', 'N24298', 'N46392', 'N15892', 'N461', 'N16715', 'N39737', 'N60184', 'N27759', 'N35216', 'N29862', 'N43019', 'N62058', 'N1120', 'N51852', 'N37977', 'N25351', 'N20609', 'N30028', 'N55558', 'N55732', 'N63650', 'N16233', 'N9824', 'N11512', 'N2231', 'N23554', 'N6233', 'N58612', 'N10059', 'N14385', 'N34934', 'N5559', 'N63453', 'N57255', 'N41375', 'N4020', 'N18030', 'N619', 'N47966', 'N26136', 'N11855', 'N55743', 'N64395', 'N14349', 'N7376', 'N35246', 'N14318', 'N28323', 'N22644', 'N28088', 'N27907', 'N59704', 'N61388', 'N44796', 'N32643', 'N46039', 'N49914', 'N13008', 'N47383', 'N63835', 'N63411', 'N19495', 'N59761', 'N5051', 'N7419']"
U12188,"['N6638', 'N27057', 'N53572', 'N42844', 'N46749', 'N15676', 'N7618', 'N49285', 'N42767', 'N32004', 'N53242', 'N46976', 'N19685', 'N17680', 'N60675', 'N44402', 'N90', 'N42620', 'N61388', 'N59704', 'N27448', 'N264', 'N18870', 'N46917', 'N23864', 'N49319', 'N55856', 'N18459', 'N7179', 'N64467', 'N42553', 'N29177', 'N41375', 'N56514', 'N35710', 'N28088', 'N48487', 'N986', 'N53880', 'N62058', 'N36786', 'N28323', 'N63411', 'N57737', 'N54695', 'N36275', 'N51176', 'N19043', 'N18030', 'N61811', 'N37264', 'N2783', 'N38256', 'N21892', 'N59761', 'N7419', 'N5051', 'N13153', 'N35009', 'N9803', 'N52850', 'N56240', 'N2203', 'N33276', 'N40640', 'N16715', 'N7993', 'N41298', 'N51305', 'N23539', 'N21202', 'N28624', 'N51852', 'N10059', 'N57524', 'N16636', 'N10414', 'N13957', 'N55743', 'N57560', 'N18531', 'N39376', 'N42528', 'N12844', 'N60895', 'N32573', 'N28963', 'N44251', 'N41970', 'N21378', 'N45289', 'N42470', 'N37131', 'N25518', 'N18347', 'N60985', 'N63415', 'N10779', 'N8305', 'N27907']"
U1350,"['N58098', 'N50775', 'N53754', 'N19685', 'N2960', 'N61811', 'N11930', 'N57327', 'N49820', 'N60939', 'N27057', 'N15719', 'N9284', 'N39896', 'N14637', 'N33397', 'N619', 'N48740', 'N46976', 'N60975', 'N13332', 'N14514', 'N58090', 'N54496', 'N6511', 'N16715', 'N40299', 'N41375', 'N29862', 'N55743', 'N55189', 'N61233', 'N41946', 'N32004', 'N42458', 'N35693', 'N24298', 'N11512', 'N8258', 'N3168', 'N36019', 'N15892', 'N461', 'N30344', 'N20216', 'N25302', 'N28053', 'N33683', 'N38621', 'N23094', 'N19495', 'N16349', 'N5201', 'N46357', 'N43019', 'N18870', 'N19990', 'N13137', 'N17680', 'N10059', 'N28624', 'N57134', 'N58391', 'N28323', 'N51852', 'N53283', 'N35022', 'N18030', 'N14385', 'N27448', 'N19474', 'N3854', 'N61388', 'N55326', 'N28088', 'N45794', 'N4020', 'N38298', 'N64631', 'N16630', 'N30621', 'N58612', 'N6233', 'N63453', 'N34934', 'N5559', 'N22644', 'N40640', 'N48615', 'N31070', 'N9151', 'N9798', 'N64395', 'N44559', 'N63411', 'N264', 'N13008', 'N59704', 'N42726', 'N57255']"
U1459,"['N36940', 'N13556', 'N50055', 'N13137', 'N619', 'N31958', 'N11930', 'N46917', 'N2960', 'N60939', 'N19685', 'N35022', 'N22161', 'N18870', 'N6400', 'N30290', 'N28053', 'N25302', 'N30344', 'N33683', 'N20216', 'N38621', 'N36019', 'N49820', 'N61811', 'N53283', 'N11177', 'N5940', 'N55326', 'N57134', 'N9284', 'N15719', 'N14637', 'N27057', 'N8148', 'N61233', 'N61388', 'N24691', 'N31371', 'N34842', 'N14385', 'N60975', 'N45289', 'N42844', 'N13408', 'N51852', 'N28240', 'N26560', 'N8277', 'N59704', 'N57265', 'N15676', 'N39896', 'N4020', 'N53754', 'N46622', 'N46392', 'N57560', 'N18531', 'N11512', 'N14318', 'N57255', 'N3301', 'N4189', 'N55189', 'N41970', 'N10235', 'N56390', 'N9317', 'N13332', 'N14514', 'N51706', 'N58715', 'N17863', 'N55743', 'N44559', 'N5978', 'N13081', 'N17242', 'N28128', 'N43595', 'N64661', 'N55345', 'N1267', 'N22018', 'N5123', 'N42620', 'N42726', 'N6194', 'N10560', 'N20078', 'N57327', 'N57726', 'N42215', 'N14302', 'N459', 'N63650', 'N16233', 'N9824', 'N41899']"
U16351,"['N46976', 'N36940', 'N41946', 'N53572', 'N53242', 'N5940', 'N13408', 'N34130', 'N12320', 'N42767', 'N48740', 'N53283', 'N40299', 'N23094', 'N36786', 'N46392', 'N37942', 'N47406', 'N14761', 'N18870', 'N37352', 'N27167', 'N21215', 'N65007', 'N62285', 'N16715', 'N53754', 'N58391', 'N43142', 'N55911', 'N14385', 'N40692', 'N44656', 'N42620', 'N39737', 'N23119', 'N6023', 'N47558', 'N7328', 'N49914', 'N46039', 'N35094', 'N12883', 'N35389', 'N17166', 'N60724', 'N9797', 'N11784', 'N53895', 'N35710', 'N11177', 'N7889', 'N17070', 'N13057', 'N12732', 'N37304', 'N6074', 'N5252', 'N7327', 'N41526', 'N59943', 'N43061', 'N40716', 'N20477', 'N51706', 'N58801', 'N33724', 'N55189', 'N11020', 'N29597', 'N20057', 'N459', 'N50775', 'N38556', 'N40448', 'N54225', 'N63650', 'N9824', 'N16233', 'N51240', 'N5163', 'N58264', 'N22018', 'N27907', 'N1150', 'N2203', 'N32643', 'N64395', 'N6916', 'N54496', 'N6511', 'N59704', 'N19685', 'N24298', 'N33397', 'N26176', 'N34287', 'N57812', 'N49731', 'N45999']"
U17026,"['N5940', 'N50775', 'N46749', 'N27057', 'N31958', 'N7618', 'N35216', 'N60675', 'N27448', 'N11930', 'N19990', 'N37352', 'N52850', 'N59704', 'N17680', 'N13887', 'N55743', 'N41375', 'N6074', 'N13556', 'N61388', 'N7179', 'N264', 'N52536', 'N54225', 'N36779', 'N38256', 'N37509', 'N47383', 'N21202', 'N51305', 'N23539', 'N6638', 'N15676', 'N33276', 'N306', 'N42844', 'N55846', 'N46392', 'N2203', 'N42553', 'N26485', 'N32573', 'N986', 'N53880', 'N60939', 'N42620', 'N31248', 'N40640', 'N44251', 'N11512', 'N19495', 'N33507', 'N16954', 'N65007', 'N27167', 'N62285', 'N21215', 'N35710', 'N37304', 'N17070', 'N13057', 'N7889', 'N12732', 'N58264', 'N2783', 'N56514', 'N56663', 'N19620', 'N63411', 'N55556', 'N63779', 'N37942', 'N19685', 'N9803', 'N44402', 'N21378', 'N48487', 'N46917', 'N61811', 'N23119', 'N6023', 'N7328', 'N47558', 'N14637', 'N60615', 'N62365', 'N56240', 'N42470', 'N7556', 'N47671', 'N48578', 'N64319', 'N49319', 'N55856', 'N23864', 'N18459', 'N9804', 'N15933', 'N49588']"
U1727,"['N11930', 'N62365', 'N36940', 'N55189', 'N1150', 'N51692', 'N6638', 'N57812', 'N45999', 'N49731', 'N6156', 'N41946', 'N35671', 'N40299', 'N60186', 'N5290', 'N3491', 'N34130', 'N459', 'N45729', 'N35710', 'N43595', 'N32109', 'N12367', 'N6464', 'N7714', 'N51112', 'N32939', 'N49897', 'N63421', 'N37352', 'N20477', 'N4593', 'N55846', 'N5978', 'N47954', 'N21383', 'N14185', 'N20997', 'N55166', 'N10078', 'N54522', 'N22161', 'N30974', 'N4331', 'N34190', 'N51706', 'N56663', 'N12320', 'N29597', 'N20057', 'N54571', 'N46846', 'N15933', 'N49588', 'N9804', 'N1603', 'N42620', 'N43142', 'N15655', 'N39867', 'N6194', 'N10560', 'N20078', 'N37509', 'N4020', 'N57265', 'N40509', 'N26421', 'N44559', 'N16344', 'N22816', 'N21019', 'N35369', 'N28828', 'N23049', 'N14102', 'N63003', 'N12494', 'N6511', 'N54496', 'N65145', 'N60724', 'N871', 'N33397', 'N13137', 'N29269', 'N19131', 'N619', 'N20290', 'N63302', 'N4189', 'N3301', 'N47383', 'N40692', 'N44656', 'N23239', 'N50019', 'N17878', 'N36796']"
U17370,"['N19990', 'N6074', 'N27057', 'N35216', 'N53572', 'N7618', 'N11930', 'N53242', 'N13556', 'N19685', 'N61388', 'N60675', 'N20036', 'N60939', 'N44402', 'N15676', 'N64467', 'N29177', 'N6638', 'N45289', 'N2960', 'N90', 'N23864', 'N55856', 'N49319', 'N18459', 'N14637', 'N50055', 'N57327', 'N7179', 'N36786', 'N42767', 'N59704', 'N49588', 'N9804', 'N15933', 'N64273', 'N46917', 'N21892', 'N1878', 'N23535', 'N17680', 'N19043', 'N54695', 'N36275', 'N51176', 'N33276', 'N41298', 'N38256', 'N57560', 'N18531', 'N49285', 'N49820', 'N19131', 'N29269', 'N28624', 'N39376', 'N42528', 'N9803', 'N13887', 'N12349', 'N21202', 'N23539', 'N51305', 'N5940', 'N264', 'N38394', 'N18347', 'N37131', 'N25518', 'N24409', 'N9284', 'N15719', 'N32573', 'N28128', 'N27738', 'N52850', 'N48487', 'N42470', 'N27448', 'N54528', 'N4985', 'N8305', 'N53907', 'N52555', 'N20575', 'N36779', 'N61233', 'N7556', 'N56514', 'N986', 'N53880', 'N1169', 'N34981', 'N45033', 'N37264', 'N19495', 'N60895', 'N12844', 'N62365']"
U19519,"['N30290', 'N32004', 'N53283', 'N48740', 'N306', 'N36786', 'N53242', 'N6638', 'N16715', 'N619', 'N5201', 'N16349', 'N46357', 'N41946', 'N60215', 'N53754', 'N18870', 'N34130', 'N8258', 'N38298', 'N64631', 'N6950', 'N33397', 'N14385', 'N37352', 'N9797', 'N29490', 'N35022', 'N28088', 'N41375', 'N24298', 'N35009', 'N32483', 'N31141', 'N44559', 'N59761', 'N7419', 'N5051', 'N19829', 'N38105', 'N8561', 'N14947', 'N5742', 'N50055', 'N43142', 'N13153', 'N63453', 'N5559', 'N34934', 'N1952', 'N30621', 'N16630', 'N60724', 'N36779', 'N65007', 'N21215', 'N27167', 'N62285', 'N35094', 'N35389', 'N12883', 'N46039', 'N49914', 'N7993', 'N53346', 'N6511', 'N54496', 'N5252', 'N56969', 'N48615', 'N37942', 'N28323', 'N38556', 'N6074', 'N12446', 'N13137', 'N55743', 'N30199', 'N10779', 'N63415', 'N49990', 'N28296', 'N47020', 'N6023', 'N7328', 'N47558', 'N23119', 'N40299', 'N21778', 'N58090', 'N51852', 'N16233', 'N9824', 'N63650', 'N18285', 'N51240', 'N4355', 'N2028', 'N43061', 'N8587']"
U21602,"['N35216', 'N18870', 'N49285', 'N62058', 'N4607', 'N15676', 'N1120', 'N33337', 'N37909', 'N3500', 'N27738', 'N20290', 'N63302', 'N6916', 'N56889', 'N60799', 'N47383', 'N40716', 'N51852', 'N63421', 'N26026', 'N24409', 'N4593', 'N57737', 'N43019', 'N8220', 'N18942', 'N50032', 'N23571', 'N871', 'N9824', 'N63650', 'N16233', 'N57524', 'N10414', 'N16636', 'N13957', 'N28058', 'N57255', 'N34981', 'N1169', 'N45033', 'N27907', 'N53234', 'N22519', 'N7563', 'N12384', 'N45794', 'N42553', 'N17242', 'N13081', 'N47020', 'N26136', 'N11855', 'N47966', 'N36064', 'N20620', 'N23622', 'N7632', 'N2218', 'N39462', 'N29862', 'N6074', 'N11020', 'N60215', 'N38235', 'N7342', 'N56240', 'N24591', 'N55732', 'N30028', 'N37977', 'N25351', 'N55558', 'N20609', 'N20057', 'N29597', 'N9797', 'N58264', 'N6616', 'N30867', 'N11005', 'N2783', 'N60383', 'N15185', 'N41226', 'N58090', 'N37352', 'N62365', 'N25691', 'N3046', 'N6194', 'N20078', 'N10560', 'N58641', 'N63854', 'N42128', 'N1219', 'N27759', 'N60184']"
U22123,"['N5940', 'N62365', 'N27057', 'N31958', 'N46749', 'N34130', 'N7618', 'N35216', 'N11930', 'N60675', 'N15676', 'N50775', 'N306', 'N44402', 'N9804', 'N49588', 'N15933', 'N27448', 'N7179', 'N59704', 'N49319', 'N18459', 'N55856', 'N23864', 'N90', 'N52850', 'N20187', 'N64467', 'N17680', 'N19131', 'N29269', 'N41375', 'N38256', 'N46392', 'N48740', 'N29177', 'N42553', 'N13887', 'N264', 'N51176', 'N19043', 'N36275', 'N54695', 'N33276', 'N23539', 'N51305', 'N21202', 'N4985', 'N54528', 'N26485', 'N48487', 'N63411', 'N32573', 'N28624', 'N21892', 'N30974', 'N7556', 'N56514', 'N54225', 'N21019', 'N22816', 'N2783', 'N9798', 'N9151', 'N31070', 'N52536', 'N24298', 'N986', 'N53880', 'N27167', 'N21215', 'N62285', 'N65007', 'N12844', 'N60895', 'N19495', 'N41298', 'N42528', 'N39376', 'N8305', 'N46917', 'N2203', 'N37942', 'N6638', 'N60605', 'N2003', 'N47558', 'N23119', 'N7328', 'N6023', 'N63515', 'N8549', 'N55743', 'N60939', 'N50333', 'N47671', 'N64319', 'N48578', 'N4150', 'N61007']"
U22790,"['N46976', 'N36940', 'N41946', 'N5940', 'N306', 'N42767', 'N53283', 'N48740', 'N12320', 'N18870', 'N43142', 'N23094', 'N13408', 'N40299', 'N53572', 'N53754', 'N14761', 'N47406', 'N53242', 'N9797', 'N36786', 'N37352', 'N60724', 'N58391', 'N40716', 'N53895', 'N14385', 'N40692', 'N44656', 'N34130', 'N39737', 'N42620', 'N16715', 'N19435', 'N19685', 'N12732', 'N17070', 'N37304', 'N7889', 'N13057', 'N57737', 'N57524', 'N13957', 'N10414', 'N16636', 'N11784', 'N35094', 'N35389', 'N12883', 'N20477', 'N55189', 'N2203', 'N17166', 'N32004', 'N459', 'N38556', 'N20057', 'N29597', 'N11020', 'N9824', 'N63650', 'N16233', 'N24591', 'N33397', 'N1150', 'N58264', 'N5252', 'N60215', 'N1120', 'N47383', 'N27907', 'N58801', 'N33724', 'N43061', 'N6074', 'N46039', 'N49914', 'N35710', 'N58098', 'N37942', 'N54496', 'N6511', 'N20745', 'N16043', 'N356', 'N51299', 'N11855', 'N26136', 'N47966', 'N18942', 'N8220', 'N51240', 'N33096', 'N57401', 'N38166', 'N22018', 'N32207', 'N24298', 'N51706', 'N57327']"
U23646,"['N46976', 'N53283', 'N6638', 'N58098', 'N13137', 'N37352', 'N619', 'N35022', 'N306', 'N13408', 'N27448', 'N48740', 'N41375', 'N38621', 'N28053', 'N33683', 'N25302', 'N30344', 'N20216', 'N36019', 'N8148', 'N34130', 'N33397', 'N16630', 'N30621', 'N11177', 'N16715', 'N57812', 'N49731', 'N45999', 'N57134', 'N27057', 'N41970', 'N40640', 'N51706', 'N55326', 'N11512', 'N53242', 'N30199', 'N37264', 'N32109', 'N52850', 'N54522', 'N1267', 'N64661', 'N55345', 'N13556', 'N1150', 'N44559', 'N52536', 'N34842', 'N24691', 'N31371', 'N3854', 'N19474', 'N22161', 'N16954', 'N35710', 'N56514', 'N36786', 'N54225', 'N30974', 'N14102', 'N23049', 'N28828', 'N46357', 'N16349', 'N5201', 'N21493', 'N19495', 'N26485', 'N1603', 'N24148', 'N3143', 'N23377', 'N36027', 'N33507', 'N50055', 'N62481', 'N32004', 'N61388', 'N14947', 'N19829', 'N8561', 'N5742', 'N38105', 'N15676', 'N22185', 'N10235', 'N56390', 'N38298', 'N64631', 'N55846', 'N11930', 'N459', 'N43595', 'N40509', 'N5252', 'N41946', 'N17680']"
U23759,"['N50775', 'N48740', 'N36786', 'N53242', 'N16715', 'N5940', 'N41375', 'N33397', 'N6074', 'N29490', 'N619', 'N30621', 'N16630', 'N5742', 'N19829', 'N14947', 'N38105', 'N8561', 'N18030', 'N37352', 'N44559', 'N13153', 'N35216', 'N62365', 'N48615', 'N53346', 'N53754', 'N16954', 'N30199', 'N9797', 'N6156', 'N49990', 'N28296', 'N10059', 'N26026', 'N60215', 'N6950', 'N8587', 'N34130', 'N13925', 'N26485', 'N24298', 'N21493', 'N37264', 'N49538', 'N1171', 'N59602', 'N33507', 'N28323', 'N13008', 'N28088', 'N35009', 'N4355', 'N2028', 'N56969', 'N56486', 'N55951', 'N43019', 'N8148', 'N35022', 'N41970', 'N23692', 'N57812', 'N49731', 'N45999', 'N56778', 'N51706', 'N42726', 'N23377', 'N36027', 'N55043', 'N17680', 'N31141', 'N18870', 'N39374', 'N64442', 'N40493', 'N27448', 'N9151', 'N31070', 'N9798', 'N51112', 'N7714', 'N32939', 'N6464', 'N12367', 'N49897', 'N50055', 'N19615', 'N35671', 'N1267', 'N55345', 'N64661', 'N32109', 'N59761', 'N7419', 'N5051', 'N28963', 'N11745', 'N7432']"
U2382,"['N36779', 'N29862', 'N13408', 'N11930', 'N6638', 'N53242', 'N27057', 'N46976', 'N31958', 'N60939', 'N35216', 'N53572', 'N13556', 'N57327', 'N53283', 'N14637', 'N50055', 'N63411', 'N46749', 'N45289', 'N6464', 'N12367', 'N7714', 'N32939', 'N49897', 'N51112', 'N6156', 'N61388', 'N37264', 'N13137', 'N64273', 'N4020', 'N19685', 'N57812', 'N45999', 'N49731', 'N42767', 'N35710', 'N7618', 'N35671', 'N1878', 'N6074', 'N57560', 'N18531', 'N51706', 'N49820', 'N36940', 'N15655', 'N39867', 'N3168', 'N17863', 'N58715', 'N41970', 'N12349', 'N32109', 'N8148', 'N23535', 'N55189', 'N40299', 'N56514', 'N62365', 'N53754', 'N44559', 'N15933', 'N49588', 'N9804', 'N61811', 'N1150', 'N9284', 'N15719', 'N60985', 'N28128', 'N40640', 'N29177', 'N22185', 'N30765', 'N64536', 'N15857', 'N34920', 'N64661', 'N1267', 'N55345', 'N42620', 'N64467', 'N53907', 'N15676', 'N22161', 'N1603', 'N29269', 'N19131', 'N20290', 'N63302', 'N60675', 'N8277', 'N26560', 'N28240', 'N44402', 'N43595', 'N30974', 'N6194']"
U24192,"['N34130', 'N306', 'N40716', 'N41946', 'N36940', 'N46976', 'N1120', 'N33397', 'N49023', 'N37942', 'N55189', 'N20187', 'N16630', 'N30621', 'N41375', 'N14102', 'N28828', 'N23049', 'N26026', 'N43142', 'N5252', 'N51692', 'N30199', 'N16954', 'N48615', 'N16715', 'N32004', 'N24298', 'N63421', 'N51240', 'N50032', 'N33507', 'N27167', 'N65007', 'N62285', 'N21215', 'N9151', 'N9798', 'N31070', 'N6218', 'N26485', 'N8587', 'N1150', 'N45794', 'N21493', 'N38556', 'N29490', 'N21019', 'N22816', 'N46357', 'N16349', 'N5201', 'N42767', 'N30028', 'N25351', 'N55558', 'N20609', 'N55732', 'N37977', 'N18870', 'N45610', 'N17070', 'N12732', 'N7889', 'N13057', 'N37304', 'N45729', 'N6023', 'N7328', 'N47558', 'N23119', 'N36530', 'N30974', 'N11020', 'N2218', 'N4150', 'N61007', 'N23094', 'N15676', 'N60186', 'N5290', 'N3491', 'N38298', 'N64631', 'N35022', 'N14349', 'N7376', 'N35246', 'N8258', 'N459', 'N40493', 'N13925', 'N7327', 'N41526', 'N59943', 'N60184', 'N27759', 'N7342', 'N38235', 'N58391']"
U25748,"['N31958', 'N5940', 'N13408', 'N53242', 'N306', 'N58098', 'N35216', 'N36786', 'N30290', 'N50775', 'N6400', 'N46392', 'N36779', 'N53572', 'N11177', 'N32004', 'N59704', 'N65007', 'N27167', 'N62285', 'N21215', 'N49285', 'N37942', 'N19990', 'N23119', 'N7328', 'N47558', 'N6023', 'N55743', 'N49914', 'N46039', 'N3168', 'N27448', 'N41526', 'N59943', 'N7327', 'N10059', 'N13153', 'N61388', 'N18030', 'N27738', 'N29490', 'N24409', 'N47383', 'N62058', 'N37264', 'N17680', 'N16954', 'N33397', 'N48487', 'N13008', 'N53754', 'N41375', 'N29177', 'N60799', 'N55556', 'N13137', 'N19611', 'N63302', 'N20290', 'N5163', 'N16715', 'N1169', 'N34981', 'N45033', 'N36019', 'N58057', 'N44702', 'N40640', 'N59602', 'N49538', 'N1171', 'N264', 'N35022', 'N33507', 'N28323', 'N55043', 'N46357', 'N16349', 'N5201', 'N57327', 'N35710', 'N62429', 'N8507', 'N48544', 'N55468', 'N51706', 'N32643', 'N19685', 'N63913', 'N37204', 'N47195', 'N36931', 'N619', 'N58090', 'N22185', 'N986', 'N53880', 'N26485', 'N23535']"
U26889,"['N50775', 'N46976', 'N5940', 'N46749', 'N40716', 'N57737', 'N7618', 'N47383', 'N2203', 'N53895', 'N27057', 'N57524', 'N10414', 'N13957', 'N16636', 'N58264', 'N60675', 'N52850', 'N306', 'N42620', 'N20187', 'N41946', 'N9797', 'N27448', 'N54225', 'N6400', 'N24591', 'N35216', 'N52536', 'N31248', 'N44251', 'N17680', 'N41375', 'N55846', 'N35710', 'N1120', 'N12320', 'N26485', 'N11930', 'N16954', 'N13887', 'N37942', 'N33507', 'N23094', 'N264', 'N55911', 'N14761', 'N47406', 'N36530', 'N1150', 'N49023', 'N42767', 'N13408', 'N20477', 'N19435', 'N53242', 'N7179', 'N58391', 'N40692', 'N44656', 'N19685', 'N45794', 'N39737', 'N39627', 'N38556', 'N55556', 'N53880', 'N986', 'N60724', 'N40509', 'N12844', 'N60895', 'N48742', 'N34561', 'N8548', 'N32573', 'N20609', 'N37977', 'N25351', 'N30028', 'N55732', 'N55558', 'N56663', 'N10359', 'N13153', 'N57011', 'N61704', 'N35094', 'N12883', 'N35389', 'N21202', 'N51305', 'N23539', 'N7556', 'N38256', 'N38166', 'N57401', 'N11512', 'N4607', 'N40448']"
U29142,"['N6074', 'N15676', 'N35216', 'N60675', 'N49588', 'N15933', 'N9804', 'N13408', 'N42767', 'N29269', 'N19131', 'N37352', 'N52850', 'N44402', 'N7179', 'N48740', 'N27448', 'N2203', 'N46917', 'N306', 'N42620', 'N26485', 'N55856', 'N23864', 'N49319', 'N18459', 'N64467', 'N1150', 'N57737', 'N53895', 'N13887', 'N19685', 'N47383', 'N54528', 'N4985', 'N90', 'N56514', 'N54225', 'N36940', 'N41375', 'N38256', 'N57524', 'N16636', 'N13957', 'N10414', 'N17680', 'N20477', 'N9803', 'N61388', 'N50775', 'N51692', 'N52536', 'N37304', 'N12732', 'N7889', 'N17070', 'N13057', 'N23539', 'N51305', 'N21202', 'N12320', 'N40509', 'N59704', 'N30974', 'N35710', 'N32573', 'N19043', 'N54695', 'N51176', 'N36275', 'N28624', 'N24298', 'N54571', 'N22816', 'N21019', 'N264', 'N42470', 'N56663', 'N24591', 'N19495', 'N2003', 'N60605', 'N28828', 'N23049', 'N14102', 'N12844', 'N60895', 'N20078', 'N6194', 'N10560', 'N44559', 'N2960', 'N31070', 'N9798', 'N9151', 'N16715', 'N17166', 'N20187', 'N41298', 'N42553']"
U30041,"['N11930', 'N48740', 'N37352', 'N6074', 'N36779', 'N30290', 'N53283', 'N48615', 'N63421', 'N619', 'N26026', 'N51692', 'N15933', 'N9804', 'N49588', 'N35216', 'N8587', 'N35022', 'N48487', 'N19131', 'N29269', 'N54571', 'N11177', 'N47383', 'N20477', 'N6638', 'N44559', 'N46392', 'N60186', 'N5290', 'N3491', 'N306', 'N56486', 'N55951', 'N55189', 'N4985', 'N54528', 'N60724', 'N16344', 'N31070', 'N9798', 'N9151', 'N9797', 'N33096', 'N27057', 'N32005', 'N22690', 'N13408', 'N46846', 'N27738', 'N21892', 'N34287', 'N28828', 'N23049', 'N14102', 'N24409', 'N58715', 'N17863', 'N45729', 'N4331', 'N34190', 'N50775', 'N24298', 'N41298', 'N29177', 'N26421', 'N16630', 'N30621', 'N44402', 'N64467', 'N49023', 'N61007', 'N4150', 'N60799', 'N39376', 'N42528', 'N13137', 'N2324', 'N50004', 'N42431', 'N13233', 'N45033', 'N1169', 'N34981', 'N29490', 'N2003', 'N60605', 'N34920', 'N30765', 'N15857', 'N64536', 'N36931', 'N37204', 'N63913', 'N47195', 'N63302', 'N20290', 'N7618', 'N38394', 'N55326']"
U30113,"['N46976', 'N42767', 'N36940', 'N5940', 'N53283', 'N41946', 'N13408', 'N11930', 'N306', 'N50055', 'N18870', 'N619', 'N53572', 'N40299', 'N2960', 'N53754', 'N14385', 'N55189', 'N19685', 'N12320', 'N36786', 'N46917', 'N13137', 'N1150', 'N48740', 'N22161', 'N42620', 'N459', 'N17863', 'N58715', 'N51706', 'N23094', 'N6511', 'N54496', 'N43142', 'N35710', 'N33397', 'N47406', 'N14761', 'N49731', 'N45999', 'N57812', 'N27057', 'N16715', 'N44559', 'N44656', 'N40692', 'N30765', 'N64536', 'N15857', 'N34920', 'N51852', 'N58391', 'N35022', 'N43595', 'N39896', 'N35389', 'N35094', 'N12883', 'N62365', 'N29597', 'N20057', 'N49820', 'N14318', 'N53242', 'N17166', 'N9824', 'N16233', 'N63650', 'N39737', 'N32109', 'N57255', 'N24298', 'N15676', 'N61811', 'N30344', 'N25302', 'N20216', 'N33683', 'N28053', 'N38621', 'N54522', 'N49914', 'N46039', 'N62396', 'N19435', 'N11784', 'N57327', 'N11512', 'N61233', 'N15719', 'N9284', 'N8220', 'N18942', 'N14514', 'N13332', 'N43061', 'N47966', 'N11855', 'N26136']"
U31320,"['N53754', 'N40299', 'N55189', 'N50055', 'N48740', 'N54496', 'N6511', 'N33397', 'N53283', 'N58098', 'N53895', 'N64395', 'N2960', 'N43142', 'N306', 'N19685', 'N15892', 'N461', 'N39896', 'N55911', 'N47406', 'N14761', 'N34130', 'N47383', 'N37352', 'N17166', 'N14514', 'N13332', 'N39737', 'N47847', 'N35560', 'N40692', 'N44656', 'N57737', 'N58612', 'N6233', 'N60724', 'N46392', 'N10414', 'N57524', 'N16636', 'N13957', 'N27057', 'N16715', 'N20609', 'N55558', 'N37977', 'N30028', 'N55732', 'N25351', 'N49820', 'N20477', 'N57318', 'N44007', 'N2203', 'N49914', 'N46039', 'N19435', 'N61811', 'N35693', 'N9798', 'N9151', 'N31070', 'N51692', 'N1150', 'N24591', 'N55846', 'N9797', 'N5978', 'N61864', 'N9284', 'N15719', 'N37942', 'N14637', 'N7376', 'N14349', 'N35246', 'N33724', 'N58801', 'N15185', 'N41226', 'N56663', 'N63302', 'N20290', 'N61007', 'N4150', 'N1120', 'N4607', 'N58264', 'N13153', 'N12732', 'N17070', 'N13057', 'N7889', 'N37304', 'N26176', 'N17863', 'N58715', 'N22018', 'N37131']"
U32173,"['N50775', 'N20036', 'N37352', 'N46976', 'N20187', 'N58098', 'N30290', 'N53283', 'N41946', 'N60724', 'N9797', 'N619', 'N35022', 'N20477', 'N43142', 'N63421', 'N5940', 'N37942', 'N11177', 'N16715', 'N62285', 'N27167', 'N65007', 'N21215', 'N6074', 'N23049', 'N14102', 'N28828', 'N29490', 'N12883', 'N35389', 'N35094', 'N40716', 'N7328', 'N6023', 'N23119', 'N47558', 'N30621', 'N16630', 'N30974', 'N24298', 'N31070', 'N9151', 'N9798', 'N14385', 'N44559', 'N46392', 'N43061', 'N41375', 'N48615', 'N30199', 'N59943', 'N7327', 'N41526', 'N49023', 'N38556', 'N56778', 'N47383', 'N32207', 'N22816', 'N21019', 'N45610', 'N4150', 'N61007', 'N12320', 'N55911', 'N8587', 'N40299', 'N5742', 'N14947', 'N19829', 'N8561', 'N38105', 'N34287', 'N36931', 'N47195', 'N63913', 'N37204', 'N33096', 'N11020', 'N21493', 'N8258', 'N459', 'N1150', 'N44656', 'N40692', 'N19435', 'N18870', 'N54225', 'N33397', 'N58057', 'N44702', 'N51692', 'N41934', 'N18285', 'N38621', 'N20216', 'N33683', 'N30344', 'N28053']"
U32446,"['N6074', 'N27057', 'N19990', 'N35216', 'N53572', 'N46749', 'N7618', 'N31958', 'N15676', 'N44402', 'N60675', 'N61388', 'N62365', 'N34130', 'N13556', 'N64467', 'N90', 'N55856', 'N49319', 'N18459', 'N23864', 'N60939', 'N19685', 'N63411', 'N29177', 'N5940', 'N11930', 'N7179', 'N15933', 'N49588', 'N9804', 'N21892', 'N61811', 'N6638', 'N46917', 'N45289', 'N41298', 'N51176', 'N54695', 'N36275', 'N19043', 'N17680', 'N59704', 'N14637', 'N42767', 'N53242', 'N19131', 'N29269', 'N39376', 'N42528', 'N2960', 'N28624', 'N50055', 'N9803', 'N33276', 'N38394', 'N64273', 'N264', 'N1878', 'N57327', 'N23539', 'N21202', 'N51305', 'N57560', 'N18531', 'N48487', 'N42553', 'N23535', 'N27448', 'N54528', 'N4985', 'N52555', 'N42470', 'N8305', 'N49820', 'N24298', 'N8549', 'N36779', 'N32573', 'N56514', 'N52850', 'N20036', 'N39979', 'N7556', 'N13887', 'N50333', 'N30974', 'N986', 'N53880', 'N44559', 'N42844', 'N9798', 'N9151', 'N31070', 'N60985', 'N37131', 'N25518', 'N18347', 'N24578', 'N43436']"
U33043,"['N36940', 'N29862', 'N53572', 'N53754', 'N36786', 'N39896', 'N50775', 'N19990', 'N64273', 'N6156', 'N14514', 'N13332', 'N45794', 'N4020', 'N58090', 'N6464', 'N12367', 'N7714', 'N51112', 'N49897', 'N32939', 'N55189', 'N46749', 'N42844', 'N41946', 'N35693', 'N42458', 'N53242', 'N40299', 'N35671', 'N60675', 'N39867', 'N15655', 'N33397', 'N7618', 'N11512', 'N6511', 'N54496', 'N13925', 'N41375', 'N60184', 'N27759', 'N19495', 'N24298', 'N43019', 'N18870', 'N28624', 'N23094', 'N63411', 'N1120', 'N13887', 'N48740', 'N23554', 'N2231', 'N52850', 'N39462', 'N58391', 'N51852', 'N28240', 'N26560', 'N8277', 'N6074', 'N15892', 'N461', 'N12320', 'N14385', 'N1878', 'N26026', 'N39118', 'N46622', 'N50333', 'N7179', 'N44796', 'N9824', 'N63650', 'N16233', 'N57255', 'N61388', 'N14318', 'N22161', 'N30028', 'N55558', 'N37977', 'N20609', 'N55732', 'N25351', 'N52536', 'N37663', 'N36699', 'N11784', 'N36019', 'N23535', 'N17680', 'N55743', 'N17242', 'N13081', 'N62058', 'N3500', 'N37909', 'N33337']"
U34437,"['N53283', 'N34130', 'N36940', 'N55189', 'N51692', 'N37509', 'N35216', 'N1150', 'N46846', 'N45729', 'N58715', 'N17863', 'N27738', 'N55846', 'N24409', 'N54571', 'N22816', 'N21019', 'N64536', 'N30765', 'N15857', 'N34920', 'N60799', 'N56663', 'N26026', 'N33397', 'N30974', 'N35369', 'N20477', 'N36019', 'N871', 'N49588', 'N9804', 'N15933', 'N34981', 'N45033', 'N1169', 'N6638', 'N49023', 'N20290', 'N63302', 'N60939', 'N62396', 'N30621', 'N16630', 'N23049', 'N14102', 'N28828', 'N48615', 'N29269', 'N19131', 'N9797', 'N6156', 'N60724', 'N63421', 'N35022', 'N18094', 'N48487', 'N46749', 'N30199', 'N47347', 'N56778', 'N16954', 'N8587', 'N10078', 'N40509', 'N4607', 'N4593', 'N4985', 'N54528', 'N48740', 'N16344', 'N26421', 'N21383', 'N14185', 'N55166', 'N47954', 'N20997', 'N3797', 'N13995', 'N33337', 'N3500', 'N37909', 'N13925', 'N7563', 'N12384', 'N53234', 'N22519', 'N22161', 'N46917', 'N57265', 'N43595', 'N32089', 'N50775', 'N33507', 'N12625', 'N42137', 'N30665', 'N5978', 'N21493']"
U3633,"['N31958', 'N5940', 'N11930', 'N35216', 'N50775', 'N27448', 'N15676', 'N13556', 'N52850', 'N17680', 'N13887', 'N41375', 'N60939', 'N44402', 'N61388', 'N38256', 'N9804', 'N49588', 'N15933', 'N264', 'N21202', 'N23539', 'N51305', 'N64273', 'N46917', 'N59704', 'N2203', 'N33276', 'N26485', 'N19685', 'N52536', 'N32573', 'N55856', 'N18459', 'N23864', 'N49319', 'N54225', 'N37352', 'N29269', 'N19131', 'N19495', 'N61811', 'N90', 'N63411', 'N12844', 'N60895', 'N57737', 'N47383', 'N9803', 'N64467', 'N986', 'N53880', 'N50055', 'N42553', 'N14637', 'N28624', 'N2960', 'N49820', 'N20187', 'N7556', 'N54695', 'N36275', 'N19043', 'N51176', 'N63515', 'N37509', 'N45794', 'N42470', 'N4985', 'N54528', 'N63779', 'N55743', 'N56514', 'N57327', 'N40640', 'N2783', 'N15719', 'N9284', 'N53895', 'N57524', 'N16636', 'N13957', 'N10414', 'N37304', 'N17070', 'N12732', 'N13057', 'N7889', 'N34130', 'N21378', 'N56663', 'N41976', 'N16855', 'N50333', 'N33507', 'N28139', 'N31070', 'N9798', 'N9151', 'N55846']"
U37382,"['N27057', 'N20036', 'N62365', 'N6074', 'N37509', 'N35216', 'N13556', 'N50775', 'N60939', 'N52850', 'N27448', 'N7179', 'N61388', 'N38256', 'N2960', 'N15933', 'N9804', 'N49588', 'N59704', 'N23539', 'N21202', 'N51305', 'N37352', 'N17680', 'N14637', 'N33276', 'N63411', 'N54225', 'N50055', 'N49820', 'N52536', 'N44402', 'N64273', 'N20078', 'N10560', 'N6194', 'N32573', 'N61811', 'N55846', 'N47383', 'N29269', 'N19131', 'N2203', 'N19685', 'N15676', 'N12844', 'N60895', 'N264', 'N56663', 'N19495', 'N15719', 'N9284', 'N55856', 'N49319', 'N18459', 'N23864', 'N9803', 'N46917', 'N57327', 'N20187', 'N5940', 'N36796', 'N23239', 'N50019', 'N17878', 'N46846', 'N41375', 'N31248', 'N55743', 'N64467', 'N63515', 'N4985', 'N54528', 'N7556', 'N45794', 'N26485', 'N986', 'N53880', 'N28624', 'N1878', 'N54571', 'N45729', 'N42470', 'N63779', 'N23535', 'N42553', 'N60975', 'N46392', 'N51176', 'N36275', 'N54695', 'N19043', 'N11512', 'N58264', 'N90', 'N40640', 'N53895', 'N12349', 'N48578', 'N64319']"
U38464,"['N20036', 'N6638', 'N46976', 'N42767', 'N53283', 'N37352', 'N46917', 'N50775', 'N42620', 'N1150', 'N27057', 'N46749', 'N41375', 'N35710', 'N47383', 'N18870', 'N35216', 'N7618', 'N49731', 'N57812', 'N45999', 'N27448', 'N51706', 'N459', 'N29597', 'N20057', 'N17863', 'N58715', 'N16954', 'N32109', 'N54522', 'N26485', 'N36940', 'N56514', 'N29862', 'N33507', 'N35671', 'N6156', 'N51852', 'N51692', 'N45729', 'N34920', 'N30765', 'N15857', 'N64536', 'N11930', 'N55846', 'N60675', 'N9797', 'N43595', 'N1603', 'N10078', 'N14385', 'N27907', 'N30621', 'N16630', 'N14102', 'N23049', 'N28828', 'N3500', 'N37909', 'N33337', 'N3491', 'N60186', 'N5290', 'N57255', 'N4020', 'N63650', 'N9824', 'N16233', 'N52850', 'N19685', 'N41970', 'N49023', 'N49897', 'N51112', 'N32939', 'N7714', 'N6464', 'N12367', 'N56663', 'N62396', 'N15933', 'N9804', 'N49588', 'N43019', 'N56778', 'N30199', 'N56889', 'N55189', 'N11512', 'N11855', 'N26136', 'N47966', 'N17242', 'N13081', 'N1267', 'N55345', 'N64661', 'N18942']"
U38993,"['N6400', 'N50775', 'N37352', 'N13408', 'N37509', 'N20036', 'N47383', 'N55846', 'N40716', 'N52850', 'N27057', 'N13556', 'N27448', 'N56663', 'N36530', 'N31248', 'N30290', 'N54225', 'N52536', 'N45729', 'N1150', 'N46846', 'N60939', 'N30665', 'N42137', 'N12625', 'N15297', 'N42596', 'N2203', 'N58264', 'N12349', 'N19620', 'N50055', 'N55743', 'N11512', 'N10359', 'N33397', 'N55189', 'N16954', 'N57327', 'N8548', 'N34561', 'N20078', 'N10560', 'N6194', 'N64273', 'N49820', 'N21202', 'N23539', 'N51305', 'N33507', 'N38256', 'N2960', 'N7889', 'N12732', 'N17070', 'N13057', 'N37304', 'N47347', 'N42358', 'N53242', 'N44251', 'N35369', 'N12844', 'N60895', 'N14637', 'N5978', 'N53895', 'N7179', 'N57737', 'N33276', 'N32573', 'N17680', 'N22997', 'N65145', 'N15719', 'N9284', 'N61864', 'N62365', 'N50019', 'N17878', 'N23239', 'N36796', 'N10078', 'N45794', 'N19495', 'N63515', 'N40640', 'N59704', 'N49023', 'N20575', 'N264', 'N55556', 'N3491', 'N60186', 'N5290', 'N25677', 'N41375', 'N26485', 'N60975']"
U39551,"['N27057', 'N11930', 'N46749', 'N7618', 'N50775', 'N60675', 'N35216', 'N5940', 'N6074', 'N27448', 'N19990', 'N52850', 'N37509', 'N13556', 'N62365', 'N17680', 'N59704', 'N7179', 'N61388', 'N60939', 'N31958', 'N55743', 'N37352', 'N54225', 'N52536', 'N264', 'N33276', 'N41375', 'N32573', 'N60895', 'N12844', 'N2203', 'N63411', 'N15676', 'N47383', 'N31248', 'N14637', 'N44402', 'N986', 'N53880', 'N19495', 'N26485', 'N42553', 'N15933', 'N9804', 'N49588', 'N61811', 'N40640', 'N63515', 'N56663', 'N9803', 'N49820', 'N42844', 'N2960', 'N64273', 'N11512', 'N44251', 'N12349', 'N49319', 'N18459', 'N23864', 'N55856', 'N56514', 'N19131', 'N29269', 'N58264', 'N6194', 'N20078', 'N10560', 'N19685', 'N50055', 'N46392', 'N2783', 'N37304', 'N12732', 'N7889', 'N17070', 'N13057', 'N42620', 'N7556', 'N46917', 'N42470', 'N23535', 'N41976', 'N16855', 'N57737', 'N1878', 'N15719', 'N9284', 'N21378', 'N19620', 'N28624', 'N48578', 'N64319', 'N47671', 'N33507', 'N60615', 'N46846', 'N90', 'N35710']"
U40490,"['N306', 'N41946', 'N50055', 'N42844', 'N53754', 'N11930', 'N12320', 'N18870', 'N36786', 'N23094', 'N40299', 'N43142', 'N53242', 'N46976', 'N2960', 'N58391', 'N46392', 'N37942', 'N48740', 'N39896', 'N14385', 'N57327', 'N1120', 'N11784', 'N40692', 'N44656', 'N61811', 'N40716', 'N17166', 'N49285', 'N6916', 'N11020', 'N13332', 'N14514', 'N19435', 'N55911', 'N55189', 'N12883', 'N35389', 'N35094', 'N16715', 'N21215', 'N65007', 'N62285', 'N27167', 'N58264', 'N60724', 'N54496', 'N6511', 'N63650', 'N16233', 'N9824', 'N6074', 'N53895', 'N25351', 'N55732', 'N55558', 'N37977', 'N30028', 'N20609', 'N27057', 'N7328', 'N6023', 'N47558', 'N23119', 'N5978', 'N24298', 'N18942', 'N8220', 'N58090', 'N46039', 'N49914', 'N37304', 'N7889', 'N13057', 'N12732', 'N17070', 'N43061', 'N35693', 'N58801', 'N33724', 'N15185', 'N41226', 'N7419', 'N5051', 'N59761', 'N27907', 'N26136', 'N11855', 'N47966', 'N20078', 'N10560', 'N6194', 'N28088', 'N49820', 'N22018', 'N18347', 'N37131', 'N25518', 'N51852']"
U40619,"['N6074', 'N34130', 'N48740', 'N62365', 'N18870', 'N27057', 'N35216', 'N619', 'N41298', 'N15676', 'N44402', 'N64467', 'N19990', 'N45289', 'N90', 'N44559', 'N38394', 'N48615', 'N23864', 'N49319', 'N18459', 'N55856', 'N30974', 'N13137', 'N61388', 'N33096', 'N6638', 'N22816', 'N21019', 'N34287', 'N32004', 'N49588', 'N9804', 'N15933', 'N56486', 'N55951', 'N8587', 'N8549', 'N26026', 'N24298', 'N39979', 'N20036', 'N54695', 'N51176', 'N19043', 'N36275', 'N8148', 'N63411', 'N60985', 'N31141', 'N36786', 'N19131', 'N29269', 'N46392', 'N55326', 'N58098', 'N53242', 'N9151', 'N9798', 'N31070', 'N48487', 'N306', 'N871', 'N19685', 'N54005', 'N16715', 'N18094', 'N12912', 'N54528', 'N4985', 'N28624', 'N8305', 'N36940', 'N42767', 'N28088', 'N35184', 'N57738', 'N6484', 'N57551', 'N41899', 'N35009', 'N4593', 'N32089', 'N56447', 'N51396', 'N11177', 'N61007', 'N4150', 'N15185', 'N41226', 'N7422', 'N9803', 'N1878', 'N57560', 'N18531', 'N18347', 'N37131', 'N25518', 'N17050', 'N46917']"
U43685,"['N62365', 'N58098', 'N53283', 'N46976', 'N6074', 'N30290', 'N6638', 'N32004', 'N18870', 'N619', 'N36786', 'N48615', 'N30974', 'N20036', 'N22816', 'N21019', 'N53242', 'N15676', 'N8587', 'N26026', 'N13408', 'N35216', 'N16715', 'N21892', 'N41298', 'N9804', 'N15933', 'N49588', 'N6156', 'N24298', 'N60985', 'N27057', 'N39376', 'N42528', 'N38394', 'N63421', 'N29269', 'N19131', 'N8549', 'N46357', 'N16349', 'N5201', 'N64467', 'N18094', 'N31070', 'N9798', 'N9151', 'N40299', 'N35671', 'N7714', 'N51112', 'N12367', 'N32939', 'N49897', 'N6464', 'N56447', 'N36779', 'N60724', 'N20477', 'N90', 'N44402', 'N45999', 'N57812', 'N49731', 'N8148', 'N39979', 'N52555', 'N60215', 'N9797', 'N41946', 'N58715', 'N17863', 'N8258', 'N4985', 'N54528', 'N54496', 'N6511', 'N54005', 'N64631', 'N38298', 'N43142', 'N4150', 'N61007', 'N56778', 'N55189', 'N57738', 'N35184', 'N51396', 'N17050', 'N20057', 'N29597', 'N54571', 'N15655', 'N39867', 'N23864', 'N49319', 'N18459', 'N55856', 'N32109', 'N47195']"
U442,"['N46976', 'N58098', 'N18870', 'N27057', 'N20036', 'N32004', 'N619', 'N16715', 'N15676', 'N44559', 'N24298', 'N21892', 'N90', 'N44402', 'N41298', 'N41946', 'N33096', 'N64467', 'N48615', 'N31070', 'N9151', 'N9798', 'N30974', 'N56486', 'N55951', 'N42528', 'N39376', 'N20187', 'N49319', 'N18459', 'N23864', 'N55856', 'N14385', 'N34287', 'N38394', 'N8587', 'N28088', 'N39979', 'N21019', 'N22816', 'N4150', 'N61007', 'N50775', 'N15933', 'N49588', 'N9804', 'N52555', 'N35009', 'N36275', 'N51176', 'N54695', 'N19043', 'N46357', 'N16349', 'N5201', 'N31141', 'N28624', 'N26026', 'N8148', 'N60985', 'N29177', 'N12883', 'N35389', 'N35094', 'N19131', 'N29269', 'N7419', 'N59761', 'N5051', 'N42767', 'N5252', 'N7618', 'N57738', 'N35184', 'N38298', 'N64631', 'N55326', 'N53767', 'N27056', 'N7422', 'N64640', 'N28311', 'N62590', 'N8073', 'N8258', 'N13137', 'N8305', 'N51852', 'N43061', 'N18094', 'N9803', 'N50333', 'N12912', 'N4985', 'N54528', 'N43142', 'N51240', 'N7993', 'N10779', 'N63415']"
U44258,"['N36940', 'N18870', 'N19685', 'N13556', 'N35216', 'N15676', 'N20187', 'N58098', 'N51852', 'N43019', 'N62365', 'N27738', 'N40716', 'N41375', 'N35022', 'N38166', 'N57401', 'N1120', 'N57255', 'N50055', 'N60799', 'N32089', 'N63650', 'N16233', 'N9824', 'N60939', 'N28963', 'N24409', 'N37352', 'N47020', 'N36019', 'N13925', 'N50032', 'N56240', 'N14385', 'N8220', 'N18942', 'N26136', 'N47966', 'N11855', 'N39462', 'N27907', 'N13081', 'N17242', 'N2960', 'N42553', 'N34981', 'N1169', 'N45033', 'N47383', 'N53615', 'N22161', 'N58090', 'N29523', 'N24298', 'N28088', 'N45794', 'N6400', 'N2218', 'N16630', 'N30621', 'N63302', 'N20290', 'N619', 'N36064', 'N20620', 'N23622', 'N7632', 'N25691', 'N3046', 'N2783', 'N40265', 'N57265', 'N44796', 'N23692', 'N4607', 'N30199', 'N61233', 'N27759', 'N60184', 'N60215', 'N38235', 'N7342', 'N29597', 'N20057', 'N871', 'N40509', 'N4020', 'N11177', 'N46868', 'N17165', 'N41073', 'N14318', 'N4189', 'N3301', 'N58641', 'N32643', 'N6156', 'N9797', 'N16954']"
U44888,"['N34130', 'N31958', 'N42767', 'N48740', 'N5940', 'N15676', 'N619', 'N58098', 'N35216', 'N27057', 'N21892', 'N62365', 'N41298', 'N44559', 'N6638', 'N44402', 'N64467', 'N19685', 'N19990', 'N39376', 'N42528', 'N29177', 'N24298', 'N38394', 'N46917', 'N49319', 'N18459', 'N23864', 'N55856', 'N33096', 'N26026', 'N28088', 'N31141', 'N36940', 'N48615', 'N55951', 'N56486', 'N8549', 'N45289', 'N16715', 'N52555', 'N34287', 'N30974', 'N60985', 'N36275', 'N54695', 'N51176', 'N19043', 'N8587', 'N21019', 'N22816', 'N14385', 'N13137', 'N35009', 'N51852', 'N306', 'N62058', 'N49588', 'N15933', 'N9804', 'N61388', 'N57738', 'N35184', 'N54005', 'N57255', 'N64640', 'N8073', 'N62590', 'N28311', 'N55326', 'N12912', 'N32089', 'N31070', 'N9798', 'N9151', 'N29269', 'N19131', 'N51396', 'N8305', 'N28624', 'N9824', 'N16233', 'N63650', 'N7422', 'N59761', 'N5051', 'N7419', 'N18942', 'N8220', 'N18094', 'N41226', 'N15185', 'N17050', 'N871', 'N58090', 'N46976', 'N9803', 'N4150', 'N61007', 'N4985']"
U45077,"['N50775', 'N35022', 'N59704', 'N619', 'N13137', 'N55743', 'N36940', 'N58098', 'N6916', 'N63421', 'N29490', 'N62429', 'N48544', 'N8507', 'N55468', 'N61388', 'N29177', 'N36019', 'N20036', 'N34287', 'N30290', 'N30344', 'N38621', 'N28053', 'N25302', 'N20216', 'N33683', 'N36792', 'N59691', 'N63302', 'N20290', 'N13374', 'N55326', 'N49914', 'N46039', 'N27448', 'N58090', 'N48740', 'N57134', 'N62058', 'N22161', 'N9317', 'N63913', 'N36931', 'N37204', 'N47195', 'N47383', 'N55556', 'N16715', 'N995', 'N50752', 'N871', 'N42215', 'N14302', 'N57726', 'N24691', 'N34842', 'N31371', 'N12446', 'N53346', 'N41375', 'N8306', 'N41934', 'N22519', 'N53234', 'N7563', 'N12384', 'N40716', 'N28323', 'N19990', 'N5163', 'N54225', 'N17680', 'N52850', 'N9797', 'N5252', 'N27759', 'N60184', 'N48487', 'N56240', 'N52536', 'N1219', 'N42128', 'N32089', 'N24298', 'N10867', 'N10235', 'N56390', 'N33276', 'N31070', 'N9798', 'N9151', 'N264', 'N62365', 'N11020', 'N51240', 'N2231', 'N23554', 'N1120', 'N32643']"
U45530,"['N29862', 'N53283', 'N32004', 'N13137', 'N51706', 'N49731', 'N57812', 'N45999', 'N35710', 'N3168', 'N32109', 'N41970', 'N58098', 'N57327', 'N48487', 'N8148', 'N49914', 'N46039', 'N61388', 'N53754', 'N55345', 'N1267', 'N64661', 'N56514', 'N59704', 'N27448', 'N1603', 'N63411', 'N12349', 'N42620', 'N33397', 'N53907', 'N619', 'N54522', 'N64395', 'N1878', 'N29177', 'N13153', 'N23535', 'N40299', 'N3143', 'N24148', 'N57560', 'N18531', 'N35560', 'N47847', 'N16715', 'N60985', 'N54496', 'N6511', 'N8258', 'N55743', 'N10059', 'N18030', 'N9226', 'N5163', 'N306', 'N53895', 'N44559', 'N19474', 'N3854', 'N45289', 'N43595', 'N6400', 'N28128', 'N57318', 'N44007', 'N29490', 'N20575', 'N59602', 'N1171', 'N49538', 'N13008', 'N56708', 'N41934', 'N46357', 'N5201', 'N16349', 'N34287', 'N31248', 'N42726', 'N14637', 'N4020', 'N62481', 'N55911', 'N29041', 'N31688', 'N22570', 'N11405', 'N37356', 'N15892', 'N461', 'N49505', 'N56778', 'N24409', 'N27057', 'N55556', 'N55043', 'N17680', 'N64631']"
U46466,"['N53242', 'N50055', 'N57327', 'N48740', 'N23094', 'N3168', 'N12320', 'N58391', 'N2960', 'N11784', 'N39896', 'N50775', 'N6950', 'N37352', 'N43142', 'N13556', 'N619', 'N47383', 'N32004', 'N48615', 'N13332', 'N14514', 'N62365', 'N49820', 'N14637', 'N19685', 'N16715', 'N1952', 'N51692', 'N53895', 'N34130', 'N37264', 'N55911', 'N8587', 'N36530', 'N9284', 'N15719', 'N47847', 'N35560', 'N44559', 'N46039', 'N49914', 'N60215', 'N1150', 'N60939', 'N6156', 'N62342', 'N65031', 'N22394', 'N56499', 'N3542', 'N35693', 'N20997', 'N14185', 'N21383', 'N47954', 'N55166', 'N61811', 'N58715', 'N17863', 'N6638', 'N9151', 'N9798', 'N31070', 'N60724', 'N54536', 'N60975', 'N57318', 'N44007', 'N55846', 'N3854', 'N19474', 'N45729', 'N17166', 'N53346', 'N22644', 'N57908', 'N56207', 'N6655', 'N47186', 'N45057', 'N47406', 'N14761', 'N41651', 'N13153', 'N61864', 'N51112', 'N12367', 'N6464', 'N32939', 'N49897', 'N7714', 'N34920', 'N15857', 'N64536', 'N30765', 'N1878', 'N35671', 'N23535', 'N18030']"
U48510,"['N6638', 'N42767', 'N46976', 'N58098', 'N53572', 'N32004', 'N13408', 'N18870', 'N37352', 'N57737', 'N63421', 'N19685', 'N36940', 'N47383', 'N15676', 'N6074', 'N16636', 'N10414', 'N57524', 'N13957', 'N42620', 'N9797', 'N57401', 'N38166', 'N13153', 'N62058', 'N41375', 'N24591', 'N12732', 'N13057', 'N7889', 'N17070', 'N37304', 'N2203', 'N29597', 'N20057', 'N27907', 'N9824', 'N16233', 'N63650', 'N18030', 'N51852', 'N43019', 'N16954', 'N37204', 'N36931', 'N47195', 'N63913', 'N53283', 'N26485', 'N4607', 'N50775', 'N33337', 'N37909', 'N3500', 'N1171', 'N49538', 'N59602', 'N35710', 'N33507', 'N46357', 'N16349', 'N5201', 'N29523', 'N40509', 'N26136', 'N11855', 'N47966', 'N46917', 'N57255', 'N47020', 'N40716', 'N53895', 'N14385', 'N49914', 'N46039', 'N27738', 'N32483', 'N8306', 'N10059', 'N32643', 'N56889', 'N8220', 'N18942', 'N60215', 'N49023', 'N28088', 'N32089', 'N16043', 'N356', 'N51299', 'N20745', 'N60799', 'N42416', 'N39627', 'N459', 'N38556', 'N38298', 'N64631', 'N58264']"
U4854,"['N6400', 'N50055', 'N42767', 'N13556', 'N11930', 'N37352', 'N46976', 'N306', 'N27057', 'N27448', 'N55743', 'N41375', 'N2960', 'N52850', 'N46749', 'N49820', 'N61811', 'N59704', 'N13408', 'N52536', 'N54225', 'N46917', 'N60939', 'N33397', 'N7618', 'N19685', 'N5940', 'N9284', 'N15719', 'N60675', 'N40716', 'N11177', 'N35022', 'N36019', 'N55846', 'N17680', 'N36940', 'N13887', 'N16954', 'N40640', 'N13137', 'N36530', 'N53754', 'N1150', 'N46392', 'N28053', 'N25302', 'N33683', 'N20216', 'N30344', 'N38621', 'N47383', 'N42620', 'N14637', 'N60975', 'N19495', 'N42726', 'N33507', 'N41946', 'N39896', 'N57327', 'N264', 'N35710', 'N30621', 'N16630', 'N51706', 'N45729', 'N619', 'N61388', 'N57134', 'N34561', 'N8548', 'N22161', 'N16715', 'N61233', 'N54522', 'N55556', 'N14385', 'N19620', 'N10359', 'N26485', 'N42596', 'N15297', 'N30199', 'N14514', 'N13332', 'N986', 'N53880', 'N62365', 'N55326', 'N56778', 'N23377', 'N36027', 'N53242', 'N10078', 'N15676', 'N36786', 'N40509', 'N12844', 'N60895']"
U48544,"['N11930', 'N37352', 'N35022', 'N6074', 'N30974', 'N22816', 'N21019', 'N55189', 'N60724', 'N13556', 'N9151', 'N9798', 'N31070', 'N44559', 'N43142', 'N11177', 'N36940', 'N16630', 'N30621', 'N45794', 'N24298', 'N51692', 'N36019', 'N9797', 'N18870', 'N20216', 'N28053', 'N33683', 'N30344', 'N25302', 'N38621', 'N13137', 'N6950', 'N32004', 'N54496', 'N6511', 'N60184', 'N27759', 'N1120', 'N1952', 'N30199', 'N4150', 'N61007', 'N60215', 'N56486', 'N55951', 'N18094', 'N33397', 'N55326', 'N36786', 'N46392', 'N20477', 'N57134', 'N33096', 'N5201', 'N16349', 'N46357', 'N53754', 'N21892', 'N13925', 'N54571', 'N41899', 'N6484', 'N57551', 'N2231', 'N23554', 'N21383', 'N47954', 'N20997', 'N55166', 'N14185', 'N56778', 'N16715', 'N21493', 'N27738', 'N47383', 'N50055', 'N58090', 'N8258', 'N15933', 'N9804', 'N49588', 'N34287', 'N41298', 'N51396', 'N42528', 'N39376', 'N53767', 'N27056', 'N53346', 'N37942', 'N31371', 'N24691', 'N34842', 'N40299', 'N5290', 'N3491', 'N60186', 'N64631', 'N38298']"
U494,"['N13137', 'N13556', 'N42767', 'N11930', 'N619', 'N50055', 'N36940', 'N53283', 'N35022', 'N13408', 'N22161', 'N31958', 'N6400', 'N33683', 'N38621', 'N20216', 'N30344', 'N28053', 'N25302', 'N60939', 'N36019', 'N2960', 'N11177', 'N46917', 'N57134', 'N55326', 'N8148', 'N49820', 'N14637', 'N61811', 'N61388', 'N31371', 'N24691', 'N34842', 'N45289', 'N9284', 'N15719', 'N27057', 'N26560', 'N8277', 'N28240', 'N59704', 'N61233', 'N41970', 'N18531', 'N57560', 'N46392', 'N19685', 'N51706', 'N57265', 'N60975', 'N306', 'N18870', 'N58715', 'N17863', 'N49731', 'N57812', 'N45999', 'N55743', 'N11512', 'N56390', 'N10235', 'N40299', 'N55189', 'N1267', 'N64661', 'N55345', 'N46976', 'N6638', 'N9317', 'N36786', 'N42726', 'N37264', 'N4189', 'N3301', 'N44559', 'N28128', 'N43595', 'N56778', 'N34920', 'N30765', 'N15857', 'N64536', 'N41946', 'N41899', 'N6484', 'N57551', 'N53754', 'N14385', 'N3854', 'N19474', 'N32109', 'N27448', 'N63411', 'N5978', 'N55468', 'N48544', 'N62429', 'N8507', 'N39896']"
U50657,"['N13408', 'N42767', 'N53242', 'N11930', 'N619', 'N53283', 'N50055', 'N13556', 'N35216', 'N50775', 'N19685', 'N53754', 'N11177', 'N55189', 'N34130', 'N62365', 'N306', 'N37352', 'N35022', 'N33397', 'N36019', 'N57327', 'N13137', 'N48740', 'N27738', 'N32004', 'N60939', 'N24409', 'N26026', 'N18870', 'N2960', 'N48615', 'N54496', 'N6511', 'N3168', 'N60799', 'N59704', 'N47383', 'N20290', 'N63302', 'N62058', 'N1169', 'N34981', 'N45033', 'N61388', 'N8587', 'N40299', 'N25302', 'N33683', 'N20216', 'N28053', 'N38621', 'N30344', 'N14637', 'N39896', 'N10059', 'N22161', 'N871', 'N46039', 'N49914', 'N24298', 'N16715', 'N29177', 'N57134', 'N23535', 'N49820', 'N55326', 'N15892', 'N461', 'N37942', 'N62285', 'N21215', 'N65007', 'N27167', 'N29862', 'N13008', 'N14514', 'N13332', 'N16630', 'N30621', 'N18030', 'N1878', 'N63411', 'N46917', 'N12384', 'N53234', 'N22519', 'N7563', 'N6950', 'N15676', 'N30974', 'N34287', 'N41375', 'N51692', 'N44559', 'N9284', 'N15719', 'N16954', 'N34842', 'N31371']"
U50789,"['N6074', 'N27057', 'N62365', 'N46976', 'N46749', 'N306', 'N7618', 'N34130', 'N37352', 'N20187', 'N27448', 'N60675', 'N41375', 'N52850', 'N17680', 'N15676', 'N16715', 'N55743', 'N264', 'N54225', 'N52536', 'N7179', 'N26485', 'N59704', 'N50055', 'N24298', 'N44402', 'N62285', 'N65007', 'N21215', 'N27167', 'N19495', 'N53880', 'N986', 'N37942', 'N31070', 'N9151', 'N9798', 'N2203', 'N61811', 'N13887', 'N32004', 'N38256', 'N90', 'N28624', 'N61388', 'N21202', 'N51305', 'N23539', 'N40640', 'N23864', 'N55856', 'N49319', 'N18459', 'N7328', 'N6023', 'N23119', 'N47558', 'N37304', 'N17070', 'N7889', 'N12732', 'N13057', 'N9803', 'N32573', 'N49588', 'N9804', 'N15933', 'N28323', 'N33276', 'N12844', 'N60895', 'N8561', 'N38105', 'N19829', 'N14947', 'N5742', 'N61007', 'N4150', 'N20036', 'N11930', 'N13556', 'N11512', 'N9797', 'N7556', 'N21378', 'N42470', 'N56514', 'N33507', 'N42553', 'N47383', 'N19131', 'N29269', 'N19043', 'N51176', 'N36275', 'N54695', 'N46392', 'N41526', 'N59943']"
U5144,"['N18030', 'N57737', 'N33397', 'N53283', 'N10059', 'N53895', 'N27738', 'N29490', 'N37264', 'N47383', 'N49914', 'N46039', 'N24409', 'N13008', 'N46357', 'N16349', 'N5201', 'N50775', 'N16636', 'N57524', 'N10414', 'N13957', 'N60799', 'N45033', 'N1169', 'N34981', 'N32483', 'N55043', 'N64631', 'N38298', 'N16954', 'N16715', 'N24591', 'N55189', 'N51706', 'N22185', 'N5163', 'N6074', 'N2203', 'N35710', 'N41934', 'N54496', 'N6511', 'N63913', 'N37204', 'N36931', 'N47195', 'N49731', 'N45999', 'N57812', 'N8258', 'N33507', 'N23094', 'N40640', 'N26485', 'N29862', 'N19685', 'N53346', 'N48487', 'N32109', 'N23535', 'N63421', 'N4355', 'N2028', 'N8306', 'N63302', 'N20290', 'N17680', 'N58391', 'N40299', 'N56630', 'N29041', 'N64395', 'N43671', 'N51793', 'N63411', 'N28323', 'N37352', 'N56447', 'N42416', 'N55556', 'N55911', 'N60215', 'N1878', 'N15892', 'N461', 'N32643', 'N59704', 'N37304', 'N7889', 'N12732', 'N13057', 'N17070', 'N1603', 'N264', 'N31141', 'N64442', 'N39374', 'N11784', 'N54522']"
U52036,"['N58098', 'N5940', 'N50775', 'N13556', 'N6400', 'N6638', 'N19990', 'N42767', 'N36019', 'N19611', 'N13137', 'N35216', 'N60939', 'N41375', 'N46917', 'N48487', 'N28963', 'N50055', 'N53572', 'N619', 'N62058', 'N26026', 'N38621', 'N33683', 'N25302', 'N20216', 'N30344', 'N28053', 'N27738', 'N30621', 'N16630', 'N24409', 'N53615', 'N33337', 'N37909', 'N3500', 'N32004', 'N46357', 'N5201', 'N16349', 'N55743', 'N57134', 'N8258', 'N60799', 'N23692', 'N61196', 'N29358', 'N848', 'N29976', 'N53422', 'N43019', 'N55326', 'N30199', 'N1169', 'N34981', 'N45033', 'N8148', 'N13925', 'N56889', 'N20950', 'N18030', 'N16954', 'N56240', 'N10059', 'N15676', 'N58090', 'N37352', 'N58401', 'N3259', 'N11177', 'N64631', 'N38298', 'N31371', 'N34842', 'N24691', 'N6950', 'N13270', 'N27448', 'N13636', 'N14637', 'N33507', 'N19685', 'N21493', 'N13008', 'N56969', 'N23571', 'N18870', 'N49820', 'N51852', 'N22161', 'N41970', 'N39117', 'N4020', 'N17680', 'N48615', 'N23535', 'N28323', 'N32483', 'N59704', 'N23377']"
U53520,"['N37352', 'N11930', 'N53283', 'N48740', 'N30290', 'N46976', 'N58098', 'N20187', 'N47383', 'N9797', 'N20036', 'N41946', 'N60724', 'N1150', 'N51692', 'N63421', 'N30621', 'N16630', 'N36779', 'N306', 'N45729', 'N33397', 'N46749', 'N30974', 'N27057', 'N37509', 'N5252', 'N56778', 'N30199', 'N41375', 'N55846', 'N9804', 'N15933', 'N49588', 'N55189', 'N29490', 'N22816', 'N21019', 'N7618', 'N17863', 'N58715', 'N16954', 'N60186', 'N3491', 'N5290', 'N51240', 'N9798', 'N31070', 'N9151', 'N19131', 'N29269', 'N56663', 'N21493', 'N52850', 'N16344', 'N27448', 'N33507', 'N30765', 'N64536', 'N15857', 'N34920', 'N46846', 'N65145', 'N40716', 'N16715', 'N48615', 'N32207', 'N35022', 'N54225', 'N40509', 'N22690', 'N32005', 'N52536', 'N44559', 'N34190', 'N4331', 'N42726', 'N35369', 'N54571', 'N8258', 'N53346', 'N4150', 'N61007', 'N54528', 'N4985', 'N459', 'N13408', 'N18094', 'N38105', 'N19829', 'N5742', 'N8561', 'N14947', 'N8587', 'N60675', 'N62396', 'N6074', 'N40493', 'N2324', 'N13233']"
U53823,"['N13408', 'N11930', 'N13137', 'N53283', 'N619', 'N306', 'N11177', 'N35022', 'N22161', 'N28053', 'N33683', 'N25302', 'N38621', 'N30344', 'N20216', 'N46392', 'N31958', 'N36019', 'N53242', 'N40299', 'N41946', 'N6400', 'N57134', 'N46976', 'N36786', 'N55326', 'N8148', 'N13556', 'N50055', 'N45289', 'N61388', 'N55189', 'N2960', 'N58715', 'N17863', 'N60939', 'N24691', 'N31371', 'N34842', 'N59704', 'N26560', 'N8277', 'N28240', 'N45999', 'N57812', 'N49731', 'N54496', 'N6511', 'N51706', 'N5978', 'N14637', 'N41970', 'N30765', 'N15857', 'N64536', 'N34920', 'N12320', 'N37264', 'N10560', 'N20078', 'N6194', 'N9317', 'N1952', 'N43595', 'N57560', 'N18531', 'N62429', 'N48544', 'N55468', 'N8507', 'N46622', 'N49820', 'N35710', 'N64395', 'N32109', 'N57265', 'N34287', 'N12349', 'N29177', 'N3854', 'N19474', 'N1150', 'N55345', 'N1267', 'N64661', 'N56390', 'N10235', 'N4593', 'N53754', 'N62396', 'N44559', 'N57726', 'N14302', 'N42215', 'N55743', 'N40640', 'N56778', 'N23239', 'N17878', 'N36796']"
U54589,"['N46976', 'N36940', 'N41946', 'N306', 'N13408', 'N11930', 'N53283', 'N12320', 'N5940', 'N42767', 'N40299', 'N43142', 'N23094', 'N58391', 'N47406', 'N14761', 'N48740', 'N34130', 'N53242', 'N18870', 'N55911', 'N55189', 'N17166', 'N53754', 'N42620', 'N39737', 'N53572', 'N60724', 'N14385', 'N11784', 'N35389', 'N35094', 'N12883', 'N53895', 'N36786', 'N1150', 'N19435', 'N58715', 'N17863', 'N35710', 'N20477', 'N459', 'N54496', 'N6511', 'N34920', 'N64536', 'N30765', 'N15857', 'N43061', 'N11020', 'N9797', 'N5978', 'N29597', 'N20057', 'N51706', 'N22018', 'N17070', 'N12732', 'N37304', 'N7889', 'N13057', 'N40716', 'N5252', 'N64395', 'N16715', 'N46039', 'N49914', 'N10560', 'N6194', 'N20078', 'N45999', 'N57812', 'N49731', 'N40448', 'N58264', 'N33096', 'N26176', 'N62396', 'N38556', 'N43595', 'N57524', 'N16636', 'N13957', 'N10414', 'N8220', 'N18942', 'N19685', 'N2203', 'N51240', 'N60383', 'N60215', 'N41226', 'N15185', 'N32109', 'N16233', 'N9824', 'N63650', 'N4593', 'N15892', 'N461']"
U54820,"['N13137', 'N11930', 'N619', 'N42767', 'N13556', 'N36940', 'N13408', 'N50055', 'N53283', 'N35022', 'N22161', 'N31958', 'N20216', 'N30344', 'N28053', 'N33683', 'N25302', 'N38621', 'N2960', 'N6400', 'N60939', 'N36019', 'N11177', 'N57134', 'N55326', 'N8148', 'N46917', 'N49820', 'N45289', 'N14637', 'N61811', 'N61388', 'N24691', 'N34842', 'N31371', 'N306', 'N9284', 'N15719', 'N27057', 'N41946', 'N40299', 'N46392', 'N46976', 'N59704', 'N61233', 'N41970', 'N58715', 'N17863', 'N51706', 'N57560', 'N18531', 'N57265', 'N46622', 'N55189', 'N49731', 'N45999', 'N57812', 'N60975', 'N5978', 'N19685', 'N11512', 'N9317', 'N10235', 'N56390', 'N64661', 'N1267', 'N55345', 'N15857', 'N34920', 'N64536', 'N30765', 'N10560', 'N20078', 'N6194', 'N18870', 'N36786', 'N4189', 'N3301', 'N35710', 'N37264', 'N43595', 'N55743', 'N44559', 'N28128', 'N42726', 'N32109', 'N6511', 'N54496', 'N55468', 'N48544', 'N62429', 'N8507', 'N14385', 'N53754', 'N3854', 'N19474', 'N1150', 'N56778', 'N14318', 'N1952']"
U55074,"['N11177', 'N21215', 'N65007', 'N62285', 'N27167', 'N619', 'N34130', 'N37942', 'N7328', 'N6023', 'N47558', 'N23119', 'N6916', 'N36940', 'N6638', 'N41526', 'N59943', 'N7327', 'N29862', 'N36019', 'N25302', 'N30344', 'N38621', 'N33683', 'N28053', 'N20216', 'N49285', 'N22161', 'N50775', 'N55326', 'N31958', 'N57134', 'N37352', 'N58057', 'N44702', 'N53572', 'N8148', 'N13408', 'N27448', 'N49914', 'N46039', 'N20290', 'N63302', 'N31371', 'N34842', 'N24691', 'N9317', 'N19990', 'N53242', 'N14302', 'N57726', 'N42215', 'N48487', 'N5940', 'N16715', 'N56390', 'N10235', 'N55556', 'N871', 'N18870', 'N5163', 'N53234', 'N22519', 'N12384', 'N7563', 'N15676', 'N12446', 'N32643', 'N40640', 'N62058', 'N41970', 'N37264', 'N10560', 'N6194', 'N20078', 'N54225', 'N43595', 'N45289', 'N29041', 'N32089', 'N36786', 'N17680', 'N52850', 'N27464', 'N37123', 'N1267', 'N64661', 'N55345', 'N47195', 'N36931', 'N37204', 'N63913', 'N63421', 'N29490', 'N24298', 'N52536', 'N41375', 'N26560', 'N8277', 'N28240']"
U55742,"['N31958', 'N46392', 'N11177', 'N37942', 'N27167', 'N21215', 'N62285', 'N65007', 'N55743', 'N47558', 'N7328', 'N6023', 'N23119', 'N6400', 'N59704', 'N40716', 'N47383', 'N41375', 'N52850', 'N7327', 'N59943', 'N41526', 'N46749', 'N35022', 'N60675', 'N54225', 'N52536', 'N7618', 'N17680', 'N36779', 'N16954', 'N44702', 'N58057', 'N13887', 'N264', 'N55846', 'N62365', 'N34130', 'N11512', 'N33507', 'N29490', 'N20187', 'N36019', 'N37509', 'N61388', 'N19620', 'N53346', 'N26485', 'N11930', 'N62429', 'N48544', 'N55468', 'N8507', 'N36530', 'N34561', 'N8548', 'N53880', 'N986', 'N7889', 'N37304', 'N17070', 'N13057', 'N12732', 'N9797', 'N60895', 'N12844', 'N33276', 'N30621', 'N16630', 'N40640', 'N10359', 'N56240', 'N21202', 'N51305', 'N23539', 'N38256', 'N42596', 'N15297', 'N7179', 'N28323', 'N36792', 'N59691', 'N32573', 'N63515', 'N45729', 'N58264', 'N30199', 'N31248', 'N28053', 'N38621', 'N30344', 'N20216', 'N25302', 'N33683', 'N23049', 'N14102', 'N28828', 'N16715', 'N56663', 'N60615']"
U56804,"['N36786', 'N46392', 'N58098', 'N46976', 'N35216', 'N36940', 'N11177', 'N53283', 'N59704', 'N53754', 'N13137', 'N27167', 'N21215', 'N62285', 'N65007', 'N3168', 'N63302', 'N20290', 'N37264', 'N61388', 'N6023', 'N23119', 'N47558', 'N7328', 'N33397', 'N51706', 'N19685', 'N35710', 'N42767', 'N37942', 'N6400', 'N57327', 'N29177', 'N57812', 'N45999', 'N49731', 'N40299', 'N13153', 'N41526', 'N59943', 'N7327', 'N34287', 'N35022', 'N32109', 'N42620', 'N43595', 'N18870', 'N40640', 'N55468', 'N48544', 'N8507', 'N62429', 'N55743', 'N12384', 'N53234', 'N22519', 'N7563', 'N22185', 'N10059', 'N6511', 'N54496', 'N23094', 'N37352', 'N871', 'N27448', 'N12320', 'N8148', 'N36019', 'N1603', 'N24409', 'N59602', 'N49538', 'N1171', 'N41970', 'N36792', 'N59691', 'N34130', 'N44702', 'N58057', 'N60215', 'N13008', 'N56514', 'N54522', 'N58391', 'N15676', 'N27738', 'N29597', 'N20057', 'N56630', 'N45033', 'N34981', 'N1169', 'N64661', 'N1267', 'N55345', 'N18030', 'N64395', 'N19435', 'N13374', 'N32089']"
U56995,"['N31958', 'N19990', 'N30290', 'N42767', 'N49285', 'N50055', 'N53242', 'N36786', 'N13556', 'N29862', 'N19685', 'N42844', 'N50775', 'N53754', 'N58090', 'N58098', 'N36940', 'N61811', 'N57327', 'N2960', 'N35216', 'N306', 'N42458', 'N39896', 'N32004', 'N6074', 'N20036', 'N27057', 'N46392', 'N49820', 'N55743', 'N28323', 'N36779', 'N14514', 'N13332', 'N9284', 'N15719', 'N37942', 'N17680', 'N16715', 'N7419', 'N59761', 'N5051', 'N59704', 'N6400', 'N14637', 'N45794', 'N62058', 'N60939', 'N264', 'N60975', 'N28088', 'N35693', 'N18030', 'N41375', 'N10779', 'N63415', 'N10059', 'N65007', 'N27167', 'N21215', 'N62285', 'N3168', 'N31141', 'N18870', 'N60184', 'N27759', 'N61388', 'N47406', 'N14761', 'N35009', 'N24298', 'N63453', 'N5559', 'N34934', 'N46917', 'N43019', 'N23094', 'N53880', 'N986', 'N13008', 'N7328', 'N47558', 'N6023', 'N23119', 'N63835', 'N49914', 'N46039', 'N13153', 'N39737', 'N27448', 'N23554', 'N2231', 'N33397', 'N58391', 'N11177', 'N61233', 'N21778', 'N58264', 'N51852']"
U57088,"['N306', 'N46392', 'N50775', 'N34130', 'N13556', 'N53283', 'N58098', 'N18870', 'N62285', 'N21215', 'N65007', 'N27167', 'N59704', 'N55743', 'N20187', 'N42767', 'N6023', 'N7328', 'N47558', 'N23119', 'N61388', 'N62365', 'N36940', 'N6916', 'N1952', 'N6950', 'N62429', 'N8507', 'N48544', 'N55468', 'N19611', 'N37942', 'N9317', 'N34287', 'N37352', 'N26026', 'N7327', 'N59943', 'N41526', 'N29177', 'N16630', 'N30621', 'N48615', 'N56778', 'N59691', 'N36792', 'N42215', 'N14302', 'N57726', 'N30974', 'N41375', 'N41970', 'N41899', 'N57551', 'N6484', 'N28963', 'N48740', 'N48487', 'N14385', 'N42726', 'N30199', 'N8587', 'N28240', 'N26560', 'N8277', 'N50055', 'N51852', 'N27448', 'N46622', 'N58057', 'N44702', 'N24298', 'N60939', 'N15676', 'N64661', 'N1267', 'N55345', 'N57265', 'N46917', 'N11291', 'N53615', 'N50752', 'N995', 'N3854', 'N19474', 'N56969', 'N60215', 'N21493', 'N12446', 'N11512', 'N8258', 'N44559', 'N57255', 'N14318', 'N16715', 'N3301', 'N4189', 'N28088', 'N24148', 'N3143']"
U58260,"['N46976', 'N53283', 'N53572', 'N13137', 'N50775', 'N6638', 'N619', 'N41946', 'N51706', 'N48740', 'N53242', 'N49731', 'N57812', 'N45999', 'N8148', 'N27448', 'N16715', 'N306', 'N35710', 'N41970', 'N32109', 'N44559', 'N20187', 'N37264', 'N8258', 'N35022', 'N30344', 'N20216', 'N33683', 'N28053', 'N38621', 'N25302', 'N12883', 'N35389', 'N35094', 'N40640', 'N36786', 'N55345', 'N64661', 'N1267', 'N42620', 'N27057', 'N3854', 'N19474', 'N14947', 'N8561', 'N38105', 'N19829', 'N5742', 'N42726', 'N54522', 'N62365', 'N1603', 'N18285', 'N55743', 'N56778', 'N56514', 'N14385', 'N57134', 'N40299', 'N58098', 'N55326', 'N43061', 'N64395', 'N24148', 'N3143', 'N32004', 'N62481', 'N49990', 'N28296', 'N35560', 'N47847', 'N46357', 'N5201', 'N16349', 'N22185', 'N11512', 'N459', 'N33397', 'N34842', 'N31371', 'N24691', 'N54225', 'N9226', 'N52536', 'N35671', 'N13408', 'N22161', 'N54496', 'N6511', 'N41375', 'N1150', 'N55911', 'N29862', 'N60985', 'N52850', 'N8277', 'N26560', 'N28240', 'N19495']"
U58513,"['N19685', 'N46917', 'N6638', 'N50055', 'N619', 'N13556', 'N62058', 'N41375', 'N35022', 'N63650', 'N9824', 'N16233', 'N306', 'N33337', 'N3500', 'N37909', 'N29862', 'N43019', 'N2960', 'N6074', 'N13137', 'N47966', 'N26136', 'N11855', 'N58098', 'N56889', 'N22161', 'N8220', 'N18942', 'N42844', 'N11177', 'N6916', 'N26026', 'N20187', 'N29597', 'N20057', 'N14318', 'N3046', 'N25691', 'N13081', 'N17242', 'N53283', 'N23571', 'N7632', 'N20620', 'N23622', 'N36064', 'N59704', 'N32089', 'N56240', 'N57401', 'N38166', 'N459', 'N8148', 'N61811', 'N20216', 'N28053', 'N33683', 'N30344', 'N25302', 'N38621', 'N27057', 'N32004', 'N61233', 'N55326', 'N54827', 'N36019', 'N28963', 'N49820', 'N39896', 'N36759', 'N41797', 'N57134', 'N57265', 'N44796', 'N40509', 'N30867', 'N11005', 'N6616', 'N60939', 'N44559', 'N12761', 'N20039', 'N33530', 'N39462', 'N42553', 'N46976', 'N90', 'N4020', 'N40716', 'N9284', 'N15719', 'N46392', 'N43595', 'N3301', 'N4189', 'N29523', 'N49914', 'N46039', 'N60215']"
U58557,"['N42767', 'N36940', 'N35216', 'N58098', 'N53572', 'N19685', 'N37352', 'N47383', 'N45794', 'N1120', 'N50775', 'N4607', 'N5940', 'N62058', 'N50055', 'N13556', 'N58090', 'N40716', 'N62365', 'N55189', 'N57737', 'N26026', 'N27759', 'N60184', 'N53754', 'N24409', 'N46917', 'N9797', 'N25351', 'N55558', 'N30028', 'N37977', 'N20609', 'N55732', 'N33337', 'N3500', 'N37909', 'N38166', 'N57401', 'N13925', 'N18030', 'N50032', 'N2960', 'N57327', 'N34981', 'N1169', 'N45033', 'N2231', 'N23554', 'N43019', 'N57524', 'N10414', 'N13957', 'N16636', 'N56889', 'N18870', 'N35246', 'N7376', 'N14349', 'N33397', 'N37942', 'N64273', 'N60724', 'N16954', 'N2218', 'N32089', 'N10059', 'N39896', 'N24591', 'N23571', 'N29523', 'N63302', 'N20290', 'N60939', 'N6156', 'N33507', 'N51692', 'N7432', 'N11745', 'N6400', 'N28058', 'N58264', 'N41375', 'N13008', 'N2203', 'N14514', 'N13332', 'N49820', 'N37304', 'N7889', 'N13057', 'N12732', 'N17070', 'N36786', 'N36530', 'N11020', 'N51793', 'N46846', 'N48615', 'N32207']"
U5946,"['N36940', 'N31958', 'N19685', 'N42844', 'N36779', 'N6916', 'N15676', 'N20187', 'N29862', 'N14385', 'N51852', 'N50055', 'N2960', 'N62058', 'N63650', 'N16233', 'N9824', 'N57255', 'N42620', 'N33337', 'N3500', 'N37909', 'N6074', 'N13556', 'N28088', 'N47966', 'N11855', 'N26136', 'N38166', 'N57401', 'N27907', 'N43019', 'N27057', 'N56889', 'N32089', 'N47020', 'N13081', 'N17242', 'N20057', 'N29597', 'N24298', 'N40716', 'N4020', 'N22161', 'N3046', 'N25691', 'N14318', 'N459', 'N23571', 'N32643', 'N14761', 'N47406', 'N61233', 'N619', 'N1120', 'N11020', 'N57265', 'N20290', 'N63302', 'N40265', 'N29523', 'N26026', 'N4593', 'N50032', 'N61811', 'N39737', 'N49820', 'N44796', 'N39896', 'N40509', 'N41797', 'N36759', 'N3301', 'N4189', 'N56240', 'N35671', 'N42553', 'N11005', 'N30867', 'N6616', 'N60212', 'N40692', 'N44656', 'N90', 'N2218', 'N10560', 'N20078', 'N6194', 'N58641', 'N9284', 'N15719', 'N17165', 'N41073', 'N46868', 'N5978', 'N38556', 'N22018', 'N14514', 'N13332', 'N60939']"
U59981,"['N58098', 'N13408', 'N30290', 'N53242', 'N36786', 'N46392', 'N306', 'N49285', 'N6400', 'N35216', 'N37352', 'N19611', 'N11177', 'N37942', 'N36940', 'N62285', 'N21215', 'N27167', 'N65007', 'N11930', 'N19990', 'N55189', 'N34130', 'N53754', 'N29490', 'N3168', 'N47383', 'N23119', 'N47558', 'N7328', 'N6023', 'N58090', 'N50775', 'N27738', 'N33397', 'N20290', 'N63302', 'N7327', 'N41526', 'N59943', 'N24409', 'N60799', 'N6950', 'N53346', 'N60215', 'N57327', 'N6511', 'N54496', 'N23094', 'N45033', 'N34981', 'N1169', 'N40299', 'N12446', 'N58391', 'N44702', 'N58057', 'N10059', 'N871', 'N1952', 'N59704', 'N1219', 'N42128', 'N60184', 'N27759', 'N49914', 'N46039', 'N18030', 'N22519', 'N53234', 'N7563', 'N12384', 'N23535', 'N32004', 'N37509', 'N36019', 'N13153', 'N62058', 'N20609', 'N37977', 'N55732', 'N55558', 'N25351', 'N30028', 'N29177', 'N1120', 'N48615', 'N13008', 'N461', 'N15892', 'N11784', 'N61864', 'N64395', 'N13374', 'N10867', 'N35022', 'N36530', 'N2231', 'N23554', 'N41934']"
U61202,"['N11177', 'N46392', 'N619', 'N13137', 'N36940', 'N34130', 'N6916', 'N27167', 'N62285', 'N21215', 'N65007', 'N37942', 'N33683', 'N25302', 'N30344', 'N28053', 'N38621', 'N20216', 'N42767', 'N47558', 'N6023', 'N7328', 'N23119', 'N59704', 'N36019', 'N55326', 'N57134', 'N41526', 'N59943', 'N7327', 'N5940', 'N61388', 'N8507', 'N62429', 'N48544', 'N55468', 'N34287', 'N8148', 'N24691', 'N31371', 'N34842', 'N29177', 'N55743', 'N59691', 'N36792', 'N53283', 'N37352', 'N58057', 'N44702', 'N14385', 'N20290', 'N63302', 'N56390', 'N10235', 'N41946', 'N1952', 'N15676', 'N13374', 'N49914', 'N46039', 'N60215', 'N51852', 'N995', 'N50752', 'N48740', 'N24298', 'N12446', 'N57265', 'N871', 'N43595', 'N30290', 'N5978', 'N16715', 'N30974', 'N10560', 'N6194', 'N20078', 'N14318', 'N32643', 'N8277', 'N28240', 'N26560', 'N6950', 'N62365', 'N57255', 'N28088', 'N7563', 'N12384', 'N22519', 'N53234', 'N4189', 'N3301', 'N4593', 'N31958', 'N45289', 'N46622', 'N5252', 'N56778', 'N23239', 'N36796']"
U64592,"['N42767', 'N11930', 'N306', 'N49285', 'N19685', 'N36786', 'N53242', 'N27738', 'N24409', 'N60799', 'N61388', 'N37942', 'N32089', 'N34981', 'N45033', 'N1169', 'N27167', 'N21215', 'N65007', 'N62285', 'N4593', 'N6400', 'N18870', 'N36019', 'N34130', 'N47383', 'N3168', 'N7328', 'N6023', 'N23119', 'N47558', 'N46039', 'N49914', 'N37352', 'N6194', 'N20078', 'N10560', 'N5978', 'N22161', 'N619', 'N19611', 'N63411', 'N29862', 'N35022', 'N23535', 'N7327', 'N41526', 'N59943', 'N57401', 'N38166', 'N1878', 'N53754', 'N13374', 'N57327', 'N60939', 'N13137', 'N36796', 'N17878', 'N50019', 'N23239', 'N54571', 'N15676', 'N51793', 'N51692', 'N48544', 'N8507', 'N55468', 'N62429', 'N15185', 'N41226', 'N57265', 'N34287', 'N5163', 'N10059', 'N43595', 'N46846', 'N32643', 'N48487', 'N2960', 'N5290', 'N3491', 'N60186', 'N58057', 'N44702', 'N33337', 'N3500', 'N37909', 'N4189', 'N3301', 'N13008', 'N59691', 'N36792', 'N29523', 'N26815', 'N13081', 'N17242', 'N58715', 'N17863', 'N42128', 'N1219']"
U6528,"['N53283', 'N6916', 'N29862', 'N51706', 'N45999', 'N57812', 'N49731', 'N35710', 'N48487', 'N42620', 'N32109', 'N37264', 'N56514', 'N1603', 'N54522', 'N32004', 'N53242', 'N35022', 'N40640', 'N63421', 'N25302', 'N33683', 'N38621', 'N30344', 'N28053', 'N20216', 'N22185', 'N60985', 'N15676', 'N44559', 'N4020', 'N59704', 'N55326', 'N61388', 'N9226', 'N28963', 'N8258', 'N36019', 'N43595', 'N57560', 'N18531', 'N22161', 'N32005', 'N22690', 'N16344', 'N57134', 'N45289', 'N42726', 'N56778', 'N26421', 'N53907', 'N46039', 'N49914', 'N55743', 'N56630', 'N56447', 'N53615', 'N28128', 'N34287', 'N13233', 'N50004', 'N2324', 'N42431', 'N306', 'N6400', 'N29597', 'N20057', 'N34842', 'N24691', 'N31371', 'N2970', 'N12349', 'N28088', 'N459', 'N29976', 'N29358', 'N61196', 'N848', 'N53422', 'N17863', 'N58715', 'N63913', 'N37204', 'N36931', 'N47195', 'N19474', 'N3854', 'N35671', 'N46357', 'N5201', 'N16349', 'N41934', 'N40509', 'N16715', 'N58641', 'N14385', 'N28240', 'N8277', 'N26560', 'N1150']"
U66352,"['N50775', 'N50055', 'N13556', 'N46749', 'N7618', 'N34130', 'N53242', 'N61811', 'N15676', 'N36786', 'N2960', 'N60939', 'N42767', 'N49820', 'N57327', 'N46917', 'N60675', 'N44559', 'N16715', 'N14637', 'N44402', 'N15719', 'N9284', 'N64273', 'N41375', 'N24298', 'N15933', 'N49588', 'N9804', 'N19685', 'N27448', 'N6156', 'N7179', 'N64467', 'N90', 'N31070', 'N9151', 'N9798', 'N30974', 'N18459', 'N23864', 'N49319', 'N55856', 'N61388', 'N17680', 'N52850', 'N29269', 'N19131', 'N60975', 'N32004', 'N7714', 'N6464', 'N32939', 'N49897', 'N12367', 'N51112', 'N53754', 'N63411', 'N6638', 'N21892', 'N61233', 'N40640', 'N264', 'N4150', 'N61007', 'N26485', 'N19043', 'N36275', 'N51176', 'N54695', 'N41298', 'N35671', 'N56778', 'N8549', 'N9803', 'N4985', 'N54528', 'N39867', 'N15655', 'N56514', 'N39896', 'N37264', 'N8148', 'N38256', 'N38105', 'N8561', 'N5742', 'N14947', 'N19829', 'N8258', 'N619', 'N42528', 'N39376', 'N52536', 'N54225', 'N58098', 'N7556', 'N53880', 'N986', 'N21202']"
U67052,"['N6074', 'N37352', 'N306', 'N27057', 'N36786', 'N53242', 'N48615', 'N41946', 'N30290', 'N8587', 'N619', 'N37942', 'N50055', 'N30974', 'N53754', 'N9797', 'N20477', 'N60724', 'N21019', 'N22816', 'N40299', 'N47383', 'N44559', 'N20036', 'N57327', 'N46749', 'N15933', 'N9804', 'N49588', 'N7618', 'N33397', 'N21215', 'N65007', 'N62285', 'N27167', 'N23094', 'N26026', 'N45794', 'N53346', 'N32004', 'N46976', 'N11177', 'N6511', 'N54496', 'N19131', 'N29269', 'N12320', 'N14102', 'N28828', 'N23049', 'N5252', 'N6023', 'N47558', 'N23119', 'N7328', 'N27759', 'N60184', 'N51692', 'N58391', 'N55189', 'N56778', 'N30621', 'N16630', 'N8549', 'N64395', 'N33096', 'N28624', 'N49023', 'N13556', 'N41375', 'N56486', 'N55951', 'N44402', 'N21892', 'N34287', 'N18094', 'N51240', 'N35022', 'N54571', 'N1120', 'N4985', 'N54528', 'N53283', 'N59943', 'N41526', 'N7327', 'N23554', 'N2231', 'N30199', 'N11784', 'N64467', 'N8258', 'N16349', 'N5201', 'N46357', 'N60675', 'N36779', 'N26485', 'N18459', 'N23864']"
U67185,"['N53572', 'N29862', 'N5940', 'N20187', 'N27057', 'N42844', 'N7618', 'N6074', 'N31958', 'N42767', 'N11930', 'N62365', 'N50775', 'N15676', 'N46917', 'N35216', 'N52850', 'N27448', 'N30290', 'N7179', 'N41375', 'N13887', 'N17680', 'N42553', 'N19685', 'N42620', 'N2203', 'N38256', 'N264', 'N23539', 'N21202', 'N51305', 'N54225', 'N52536', 'N64273', 'N13556', 'N44402', 'N2783', 'N19990', 'N32573', 'N40716', 'N60895', 'N12844', 'N57737', 'N26485', 'N13057', 'N37304', 'N12732', 'N17070', 'N7889', 'N58264', 'N49588', 'N15933', 'N9804', 'N33276', 'N53880', 'N986', 'N59704', 'N23864', 'N55856', 'N49319', 'N18459', 'N44251', 'N9803', 'N61811', 'N7556', 'N90', 'N37352', 'N63515', 'N19495', 'N60939', 'N45794', 'N2960', 'N29269', 'N19131', 'N61388', 'N57524', 'N16636', 'N13957', 'N10414', 'N47383', 'N10560', 'N6194', 'N20078', 'N56514', 'N40509', 'N42470', 'N56240', 'N39462', 'N63779', 'N64467', 'N39627', 'N31248', 'N49820', 'N36275', 'N54695', 'N51176', 'N19043', 'N13925', 'N48578']"
U68166,"['N36940', 'N11930', 'N18870', 'N13408', 'N46917', 'N19685', 'N13137', 'N619', 'N13556', 'N35022', 'N11177', 'N6400', 'N36019', 'N2960', 'N4593', 'N20290', 'N63302', 'N15676', 'N53283', 'N30344', 'N33683', 'N25302', 'N38621', 'N28053', 'N20216', 'N58715', 'N17863', 'N5978', 'N62365', 'N46392', 'N10560', 'N6194', 'N20078', 'N55189', 'N62058', 'N32089', 'N55326', 'N51852', 'N57134', 'N37909', 'N33337', 'N3500', 'N30765', 'N15857', 'N64536', 'N34920', 'N871', 'N61388', 'N50055', 'N13081', 'N17242', 'N36796', 'N50019', 'N23239', 'N17878', 'N61233', 'N8148', 'N57255', 'N7563', 'N22519', 'N53234', 'N12384', 'N1150', 'N45289', 'N59704', 'N6638', 'N43595', 'N56889', 'N8220', 'N18942', 'N24691', 'N34842', 'N31371', 'N26026', 'N62396', 'N5290', 'N3491', 'N60186', 'N14318', 'N49820', 'N26560', 'N28240', 'N8277', 'N49285', 'N42620', 'N14385', 'N14637', 'N29177', 'N9317', 'N24409', 'N46846', 'N63650', 'N16233', 'N9824', 'N459', 'N10078', 'N58641', 'N23571', 'N29597', 'N20057']"
U68473,"['N6074', 'N34130', 'N18870', 'N48740', 'N62365', 'N27057', 'N35216', 'N20036', 'N21892', 'N45289', 'N44402', 'N15676', 'N44559', 'N29177', 'N42528', 'N39376', 'N90', 'N619', 'N23864', 'N18459', 'N55856', 'N49319', 'N33096', 'N19990', 'N5940', 'N56486', 'N55951', 'N15933', 'N9804', 'N49588', 'N48615', 'N30974', 'N22816', 'N21019', 'N52555', 'N42767', 'N39979', 'N8549', 'N31141', 'N36940', 'N19043', 'N51176', 'N54695', 'N36275', 'N34287', 'N29269', 'N19131', 'N8587', 'N26026', 'N4593', 'N24298', 'N19685', 'N32004', 'N54005', 'N63411', 'N61388', 'N4607', 'N8148', 'N46917', 'N6638', 'N51396', 'N8073', 'N64640', 'N28311', 'N62590', 'N871', 'N15185', 'N41226', 'N37131', 'N18347', 'N25518', 'N54528', 'N4985', 'N17050', 'N18094', 'N35184', 'N57738', 'N8305', 'N28088', 'N32089', 'N28624', 'N31070', 'N9151', 'N9798', 'N13137', 'N35009', 'N36786', 'N7422', 'N6484', 'N41899', 'N57551', 'N57560', 'N18531', 'N56447', 'N37047', 'N14114', 'N48487', 'N26815', 'N996', 'N23971']"
U69009,"['N18870', 'N58098', 'N46917', 'N35216', 'N50775', 'N62058', 'N15676', 'N41375', 'N33337', 'N37909', 'N3500', 'N51852', 'N2960', 'N26026', 'N56889', 'N57255', 'N9824', 'N16233', 'N63650', 'N6638', 'N14385', 'N40716', 'N60939', 'N6400', 'N47020', 'N28088', 'N27907', 'N58090', 'N11855', 'N47966', 'N26136', 'N32004', 'N61811', 'N24298', 'N23571', 'N49820', 'N27738', 'N38166', 'N57401', 'N56240', 'N8220', 'N18942', 'N37352', 'N39896', 'N4020', 'N60799', 'N15719', 'N9284', 'N1120', 'N25691', 'N3046', 'N47383', 'N16954', 'N53572', 'N17242', 'N13081', 'N61233', 'N32089', 'N27057', 'N32643', 'N35022', 'N16630', 'N30621', 'N53754', 'N30867', 'N11005', 'N6616', 'N40265', 'N33507', 'N18030', 'N44796', 'N24409', 'N7632', 'N23622', 'N36064', 'N20620', 'N45794', 'N28963', 'N14514', 'N13332', 'N13925', 'N10059', 'N39462', 'N14318', 'N5201', 'N46357', 'N16349', 'N60975', 'N6074', 'N619', 'N50032', 'N36019', 'N29523', 'N30199', 'N29597', 'N20057', 'N54827', 'N9797', 'N17680', 'N41797']"
U69020,"['N306', 'N46976', 'N36779', 'N27057', 'N46749', 'N11930', 'N7618', 'N55743', 'N60675', 'N20187', 'N41375', 'N62365', 'N59704', 'N17680', 'N13887', 'N11512', 'N50055', 'N264', 'N40716', 'N65007', 'N27167', 'N62285', 'N21215', 'N55846', 'N46392', 'N47383', 'N26485', 'N37942', 'N19495', 'N42620', 'N41946', 'N13556', 'N7179', 'N35710', 'N16715', 'N37304', 'N12732', 'N13057', 'N17070', 'N7889', 'N6023', 'N7328', 'N47558', 'N23119', 'N16954', 'N11177', 'N38256', 'N986', 'N53880', 'N33507', 'N21202', 'N51305', 'N23539', 'N61811', 'N55556', 'N60895', 'N12844', 'N31248', 'N61388', 'N53242', 'N32573', 'N6074', 'N42726', 'N1150', 'N44251', 'N56514', 'N23049', 'N14102', 'N28828', 'N49820', 'N59943', 'N41526', 'N7327', 'N37509', 'N56663', 'N63515', 'N35389', 'N35094', 'N12883', 'N19620', 'N23377', 'N36027', 'N45729', 'N8548', 'N34561', 'N60615', 'N21378', 'N58264', 'N8561', 'N5742', 'N19829', 'N14947', 'N38105', 'N33276', 'N33397', 'N54522', 'N51706', 'N15719', 'N9284', 'N20745']"
U69666,"['N20036', 'N53572', 'N6916', 'N6400', 'N306', 'N42844', 'N11177', 'N49285', 'N13408', 'N5940', 'N46392', 'N13137', 'N59704', 'N65007', 'N21215', 'N62285', 'N27167', 'N11930', 'N37942', 'N37509', 'N47558', 'N23119', 'N6023', 'N7328', 'N35710', 'N42620', 'N37352', 'N20078', 'N10560', 'N6194', 'N55743', 'N27448', 'N36940', 'N5978', 'N35022', 'N22161', 'N61388', 'N40716', 'N36019', 'N59943', 'N7327', 'N41526', 'N12349', 'N55846', 'N23239', 'N17878', 'N36796', 'N50019', 'N20187', 'N19611', 'N63421', 'N62429', 'N48544', 'N55468', 'N8507', 'N31248', 'N46749', 'N52850', 'N38621', 'N25302', 'N28053', 'N33683', 'N20216', 'N30344', 'N44251', 'N54225', 'N51706', 'N20290', 'N63302', 'N19620', 'N13887', 'N4593', 'N52536', 'N54522', 'N36792', 'N59691', 'N36779', 'N1150', 'N57134', 'N58057', 'N44702', 'N30665', 'N42137', 'N12625', 'N36530', 'N11512', 'N9317', 'N55556', 'N56663', 'N55326', 'N58264', 'N49731', 'N45999', 'N57812', 'N42596', 'N15297', 'N17863', 'N58715', 'N58641', 'N60675']"
U69893,"['N27057', 'N46749', 'N11930', 'N7618', 'N50775', 'N60675', 'N5940', 'N35216', 'N6074', 'N31958', 'N62365', 'N27448', 'N13887', 'N37352', 'N37509', 'N7179', 'N17680', 'N59704', 'N13556', 'N61388', 'N38256', 'N41375', 'N54225', 'N52536', 'N264', 'N23539', 'N21202', 'N51305', 'N2203', 'N15676', 'N47383', 'N55743', 'N60939', 'N12844', 'N60895', 'N20187', 'N26485', 'N44402', 'N9804', 'N49588', 'N15933', 'N55846', 'N42553', 'N53880', 'N986', 'N19495', 'N31248', 'N63411', 'N19990', 'N63515', 'N9803', 'N56663', 'N57737', 'N37304', 'N13057', 'N12732', 'N7889', 'N17070', 'N18459', 'N55856', 'N23864', 'N49319', 'N61811', 'N19131', 'N29269', 'N40640', 'N14637', 'N58264', 'N64273', 'N63779', 'N7556', 'N44251', 'N11512', 'N2783', 'N53895', 'N49820', 'N19685', 'N42470', 'N56514', 'N2960', 'N10560', 'N6194', 'N20078', 'N33507', 'N90', 'N41976', 'N16855', 'N46917', 'N28624', 'N48578', 'N47671', 'N64319', 'N21378', 'N46392', 'N42620', 'N51176', 'N19043', 'N54695', 'N36275', 'N64467']"
U70536,"['N34130', 'N48740', 'N619', 'N47383', 'N26026', 'N9797', 'N36019', 'N33397', 'N48615', 'N13556', 'N16954', 'N8258', 'N20187', 'N11177', 'N20216', 'N33683', 'N25302', 'N30344', 'N38621', 'N28053', 'N13137', 'N46357', 'N5201', 'N16349', 'N306', 'N8587', 'N56778', 'N42767', 'N60724', 'N14102', 'N23049', 'N28828', 'N30974', 'N49023', 'N55189', 'N33507', 'N45729', 'N24298', 'N57134', 'N15676', 'N11930', 'N32004', 'N40716', 'N16715', 'N20477', 'N46976', 'N51692', 'N38298', 'N64631', 'N6638', 'N42726', 'N26485', 'N36530', 'N55326', 'N5252', 'N46917', 'N3500', 'N33337', 'N37909', 'N18870', 'N60186', 'N5290', 'N3491', 'N31371', 'N34842', 'N24691', 'N22816', 'N21019', 'N1150', 'N46846', 'N50055', 'N44559', 'N13925', 'N45610', 'N43019', 'N32207', 'N23377', 'N36027', 'N27448', 'N9151', 'N9798', 'N31070', 'N11512', 'N51240', 'N56889', 'N22161', 'N40509', 'N34190', 'N4331', 'N459', 'N28963', 'N65145', 'N19615', 'N23692', 'N19829', 'N5742', 'N38105', 'N8561', 'N14947', 'N56390']"
U72889,"['N42844', 'N6916', 'N46976', 'N19990', 'N20187', 'N31958', 'N49285', 'N4020', 'N6156', 'N20036', 'N64273', 'N29862', 'N42620', 'N6464', 'N51112', 'N12367', 'N32939', 'N49897', 'N7714', 'N51706', 'N45289', 'N35710', 'N35671', 'N39867', 'N15655', 'N8561', 'N19829', 'N5742', 'N38105', 'N14947', 'N18285', 'N35389', 'N12883', 'N35094', 'N45999', 'N49731', 'N57812', 'N41946', 'N12349', 'N14385', 'N6400', 'N41970', 'N32109', 'N35009', 'N49990', 'N28296', 'N43061', 'N6074', 'N13925', 'N18531', 'N57560', 'N31141', 'N8148', 'N55345', 'N1267', 'N64661', 'N5051', 'N7419', 'N59761', 'N28088', 'N1603', 'N60985', 'N56514', 'N53895', 'N1952', 'N61704', 'N57011', 'N44559', 'N28128', 'N12446', 'N61811', 'N27057', 'N54522', 'N24148', 'N3143', 'N42458', 'N37264', 'N63415', 'N10779', 'N56240', 'N53907', 'N43142', 'N44251', 'N37131', 'N25518', 'N18347', 'N7993', 'N11745', 'N7432', 'N4607', 'N25885', 'N9226', 'N31248', 'N57737', 'N28963', 'N16344', 'N58641', 'N39118', 'N42553', 'N2970']"
U7475,"['N6638', 'N62365', 'N35216', 'N53283', 'N36786', 'N41375', 'N46976', 'N53242', 'N32004', 'N55189', 'N27448', 'N16630', 'N30621', 'N9797', 'N27738', 'N11930', 'N55846', 'N42767', 'N18030', 'N36530', 'N306', 'N30199', 'N1150', 'N60799', 'N24409', 'N6400', 'N45729', 'N10059', 'N49023', 'N16349', 'N46357', 'N5201', 'N8258', 'N59704', 'N53754', 'N52850', 'N36019', 'N50055', 'N55743', 'N3168', 'N1169', 'N45033', 'N34981', 'N13556', 'N17680', 'N13008', 'N40509', 'N46749', 'N21493', 'N19685', 'N15676', 'N11512', 'N13153', 'N10359', 'N28828', 'N14102', 'N23049', 'N57327', 'N34561', 'N8548', 'N51692', 'N43019', 'N52536', 'N38298', 'N64631', 'N55556', 'N56663', 'N46392', 'N16715', 'N60675', 'N40716', 'N54522', 'N46846', 'N7618', 'N264', 'N32483', 'N35022', 'N62058', 'N37304', 'N7889', 'N13057', 'N17070', 'N12732', 'N54225', 'N55043', 'N40640', 'N56778', 'N5290', 'N3491', 'N60186', 'N42596', 'N15297', 'N42726', 'N23377', 'N36027', 'N13887', 'N10078', 'N35369', 'N46039', 'N49914']"
U75756,"['N36786', 'N53242', 'N19685', 'N47383', 'N62058', 'N42767', 'N46392', 'N63302', 'N20290', 'N13556', 'N29862', 'N55189', 'N60939', 'N53572', 'N19611', 'N3168', 'N37352', 'N18030', 'N48487', 'N23535', 'N10059', 'N63411', 'N871', 'N62365', 'N57327', 'N61388', 'N1878', 'N6400', 'N32089', 'N11177', 'N13008', 'N53234', 'N22519', 'N7563', 'N12384', 'N59704', 'N26026', 'N46846', 'N29177', 'N33397', 'N14637', 'N51692', 'N53754', 'N32004', 'N55043', 'N54571', 'N3500', 'N37909', 'N33337', 'N60186', 'N5290', 'N3491', 'N49285', 'N20575', 'N13153', 'N16954', 'N38166', 'N57401', 'N56889', 'N45729', 'N65201', 'N23614', 'N55846', 'N34190', 'N4331', 'N49505', 'N22816', 'N21019', 'N33507', 'N46917', 'N56663', 'N15676', 'N35369', 'N49914', 'N46039', 'N23692', 'N29358', 'N61196', 'N29976', 'N848', 'N53422', 'N22644', 'N58090', 'N48615', 'N58401', 'N3259', 'N59602', 'N1171', 'N49538', 'N20950', 'N23571', 'N57967', 'N4593', 'N50055', 'N12625', 'N42137', 'N30665', 'N7342', 'N38235', 'N2960']"
U75794,"['N50775', 'N46976', 'N62365', 'N37352', 'N20187', 'N5940', 'N58098', 'N27448', 'N41375', 'N27057', 'N6638', 'N55743', 'N30621', 'N16630', 'N8258', 'N52850', 'N53283', 'N13556', 'N16954', 'N38105', 'N14947', 'N5742', 'N19829', 'N8561', 'N30199', 'N16349', 'N46357', 'N5201', 'N52536', 'N26485', 'N60675', 'N46749', 'N33507', 'N17680', 'N48740', 'N42726', 'N11512', 'N37509', 'N7618', 'N56778', 'N54225', 'N19495', 'N35022', 'N28296', 'N49990', 'N13925', 'N47383', 'N23049', 'N14102', 'N28828', 'N40640', 'N28963', 'N21493', 'N64631', 'N38298', 'N264', 'N53346', 'N33397', 'N55846', 'N36530', 'N16715', 'N40716', 'N54522', 'N32004', 'N36019', 'N45729', 'N13887', 'N848', 'N61196', 'N29358', 'N29976', 'N53422', 'N41970', 'N32483', 'N19474', 'N3854', 'N13137', 'N53615', 'N34561', 'N8548', 'N25302', 'N33683', 'N30344', 'N20216', 'N28053', 'N38621', 'N53880', 'N986', 'N48487', 'N9797', 'N40509', 'N56514', 'N7179', 'N1150', 'N49023', 'N8148', 'N40493', 'N64661', 'N55345', 'N1267']"
U76273,"['N53242', 'N13137', 'N6916', 'N41970', 'N37264', 'N6400', 'N63421', 'N4020', 'N8148', 'N36786', 'N1267', 'N64661', 'N55345', 'N48487', 'N32004', 'N53572', 'N1150', 'N43595', 'N40640', 'N17863', 'N58715', 'N27448', 'N24148', 'N3143', 'N22185', 'N29597', 'N20057', 'N35671', 'N49914', 'N46039', 'N459', 'N619', 'N44559', 'N64536', 'N34920', 'N15857', 'N30765', 'N22690', 'N32005', 'N36931', 'N47195', 'N37204', 'N63913', 'N16344', 'N6464', 'N12367', 'N32939', 'N7714', 'N51112', 'N49897', 'N40509', 'N56708', 'N8258', 'N41934', 'N26421', 'N56630', 'N44251', 'N62396', 'N6156', 'N58641', 'N56447', 'N42726', 'N50004', 'N2324', 'N13233', 'N42431', 'N8306', 'N10078', 'N15676', 'N15655', 'N39867', 'N5163', 'N56778', 'N31248', 'N2970', 'N32643', 'N14385', 'N16715', 'N13153', 'N18531', 'N57560', 'N55911', 'N47847', 'N35560', 'N33096', 'N13995', 'N3797', 'N46357', 'N16349', 'N5201', 'N34287', 'N59704', 'N29041', 'N53033', 'N64395', 'N56486', 'N55951', 'N22018', 'N52907', 'N28072']"
U76400,"['N31958', 'N306', 'N6916', 'N13408', 'N41946', 'N11930', 'N36940', 'N46976', 'N12320', 'N53242', 'N46392', 'N40299', 'N23094', 'N34130', 'N30290', 'N53895', 'N42844', 'N43142', 'N58391', 'N20078', 'N6194', 'N10560', 'N55911', 'N17166', 'N5978', 'N37942', 'N47406', 'N14761', 'N49285', 'N44656', 'N40692', 'N21215', 'N62285', 'N27167', 'N65007', 'N4593', 'N35710', 'N11784', 'N23239', 'N17878', 'N36796', 'N50019', 'N25518', 'N37131', 'N18347', 'N39737', 'N42620', 'N35560', 'N47847', 'N11177', 'N12883', 'N35094', 'N35389', 'N31248', 'N64395', 'N47558', 'N7328', 'N6023', 'N23119', 'N46749', 'N63421', 'N19435', 'N29862', 'N17863', 'N58715', 'N58264', 'N36786', 'N32443', 'N996', 'N54850', 'N2782', 'N23971', 'N45289', 'N44007', 'N57318', 'N53572', 'N49914', 'N46039', 'N43061', 'N58801', 'N33724', 'N59943', 'N7327', 'N41526', 'N15185', 'N41226', 'N63302', 'N20290', 'N11020', 'N44251', 'N13374', 'N15857', 'N64536', 'N30765', 'N34920', 'N20477', 'N51706', 'N42373', 'N44399', 'N14340']"
U76685,"['N34130', 'N48740', 'N18870', 'N62365', 'N27057', 'N21892', 'N35216', 'N31958', 'N15676', 'N41298', 'N44402', 'N64467', 'N44559', 'N90', 'N42528', 'N39376', 'N619', 'N38394', 'N29177', 'N32004', 'N55856', 'N18459', 'N23864', 'N49319', 'N45289', 'N33096', 'N48615', 'N19990', 'N56486', 'N55951', 'N30974', 'N8549', 'N24298', 'N9804', 'N49588', 'N15933', 'N42767', 'N52555', 'N21019', 'N22816', 'N39979', 'N31141', 'N51176', 'N36275', 'N19043', 'N54695', 'N8587', 'N26026', 'N60985', 'N34287', 'N19131', 'N29269', 'N19685', 'N16715', 'N58098', 'N31070', 'N9798', 'N9151', 'N54005', 'N28088', 'N61388', 'N35009', 'N8148', 'N28624', 'N46917', 'N28311', 'N64640', 'N8073', 'N62590', 'N12912', 'N63411', 'N8305', 'N35184', 'N57738', 'N54528', 'N4985', 'N18094', 'N7618', 'N61007', 'N4150', 'N4607', 'N51396', 'N7422', 'N17050', 'N15185', 'N41226', 'N36786', 'N9803', 'N18347', 'N25518', 'N37131', 'N871', 'N6638', 'N55326', 'N56447', 'N50333', 'N32089', 'N6484', 'N57551', 'N41899']"
U76733,"['N36779', 'N19990', 'N27057', 'N6638', 'N6074', 'N306', 'N35216', 'N46749', 'N7618', 'N55743', 'N60675', 'N13556', 'N5940', 'N53242', 'N52850', 'N50055', 'N46976', 'N42844', 'N61388', 'N32004', 'N42767', 'N52536', 'N61811', 'N54225', 'N19685', 'N46392', 'N7179', 'N37352', 'N27167', 'N62285', 'N65007', 'N21215', 'N26485', 'N28323', 'N40640', 'N13887', 'N16715', 'N42620', 'N38256', 'N19495', 'N51305', 'N21202', 'N23539', 'N12844', 'N60895', 'N47558', 'N6023', 'N23119', 'N7328', 'N37942', 'N33276', 'N16954', 'N11512', 'N2203', 'N33507', 'N42553', 'N55556', 'N56240', 'N32573', 'N56514', 'N37304', 'N13057', 'N12732', 'N7889', 'N17070', 'N35710', 'N44402', 'N90', 'N63515', 'N36786', 'N18030', 'N44251', 'N11177', 'N59761', 'N7419', 'N5051', 'N57327', 'N59943', 'N7327', 'N41526', 'N7993', 'N42458', 'N9803', 'N10059', 'N63779', 'N2783', 'N46917', 'N28624', 'N55856', 'N18459', 'N49319', 'N23864', 'N58090', 'N49820', 'N37264', 'N24298', 'N41976', 'N16855', 'N27907', 'N43019']"
U76942,"['N6074', 'N27057', 'N5940', 'N34130', 'N62365', 'N35216', 'N46749', 'N7618', 'N19990', 'N61388', 'N64467', 'N90', 'N29177', 'N18870', 'N60675', 'N15933', 'N49588', 'N9804', 'N21892', 'N31958', 'N41298', 'N306', 'N29269', 'N19131', 'N42528', 'N39376', 'N59704', 'N46917', 'N7179', 'N48740', 'N63411', 'N45289', 'N42767', 'N38394', 'N19685', 'N6638', 'N30974', 'N9803', 'N24298', 'N46392', 'N42553', 'N48487', 'N22816', 'N21019', 'N28624', 'N20036', 'N4985', 'N54528', 'N52555', 'N8549', 'N17680', 'N44559', 'N39979', 'N34287', 'N60939', 'N42470', 'N38256', 'N33276', 'N8148', 'N2783', 'N60985', 'N7556', 'N9151', 'N31070', 'N9798', 'N264', 'N33096', 'N61811', 'N11930', 'N23539', 'N21202', 'N51305', 'N32089', 'N55951', 'N56486', 'N50333', 'N62058', 'N32573', 'N60605', 'N2003', 'N871', 'N28311', 'N8073', 'N62590', 'N64640', 'N28139', 'N1878', 'N38310', 'N25158', 'N43436', 'N24578', 'N27448', 'N16715', 'N18094', 'N14637', 'N18531', 'N57560', 'N12912', 'N18347', 'N25518']"
U76993,"['N5940', 'N46749', 'N6400', 'N27057', 'N31958', 'N29862', 'N11930', 'N7618', 'N20187', 'N50775', 'N60675', 'N37509', 'N42844', 'N27448', 'N64273', 'N36779', 'N52850', 'N4020', 'N13887', 'N46976', 'N42620', 'N55846', 'N35710', 'N13556', 'N6156', 'N52536', 'N60939', 'N54225', 'N31248', 'N17680', 'N2203', 'N7179', 'N41375', 'N38256', 'N13408', 'N23539', 'N51305', 'N21202', 'N44251', 'N57737', 'N20036', 'N1150', 'N11512', 'N56663', 'N264', 'N46917', 'N37352', 'N19495', 'N40716', 'N12844', 'N60895', 'N13925', 'N47383', 'N12349', 'N32573', 'N40640', 'N49897', 'N51112', 'N6464', 'N7714', 'N12367', 'N32939', 'N26485', 'N49820', 'N55743', 'N35216', 'N56514', 'N58264', 'N13057', 'N17070', 'N7889', 'N12732', 'N37304', 'N33507', 'N51706', 'N61811', 'N19620', 'N63515', 'N16954', 'N40509', 'N45729', 'N42553', 'N53880', 'N986', 'N54522', 'N33276', 'N53895', 'N60615', 'N14637', 'N9284', 'N15719', 'N63779', 'N2960', 'N35671', 'N15655', 'N39867', 'N42596', 'N15297', 'N46846', 'N30665']"
U78125,"['N58098', 'N32004', 'N19685', 'N27738', 'N50775', 'N53754', 'N57327', 'N6400', 'N24409', 'N3168', 'N60799', 'N50055', 'N33397', 'N34981', 'N1169', 'N45033', 'N47383', 'N42767', 'N13153', 'N62058', 'N55189', 'N60939', 'N19611', 'N23535', 'N16954', 'N37352', 'N63411', 'N46392', 'N19990', 'N59704', 'N37264', 'N20290', 'N63302', 'N58090', 'N46039', 'N49914', 'N1171', 'N49538', 'N59602', 'N1878', 'N46357', 'N5201', 'N16349', 'N33507', 'N14637', 'N51793', 'N61388', 'N57737', 'N36019', 'N32483', 'N49285', 'N48487', 'N64631', 'N38298', 'N36940', 'N41375', 'N17680', 'N39896', 'N43019', 'N6511', 'N54496', 'N28323', 'N8258', 'N29862', 'N22185', 'N22519', 'N53234', 'N7563', 'N12384', 'N5163', 'N29177', 'N23614', 'N65201', 'N20575', 'N871', 'N2960', 'N26485', 'N22644', 'N23692', 'N264', 'N40640', 'N13332', 'N14514', 'N32089', 'N49505', 'N42458', 'N57524', 'N10414', 'N16636', 'N13957', 'N32643', 'N20950', 'N55556', 'N26026', 'N44796', 'N57967', 'N19615', 'N7342', 'N38235', 'N55743']"
U81400,"['N46976', 'N53283', 'N29862', 'N53572', 'N42767', 'N619', 'N50055', 'N13137', 'N50775', 'N13556', 'N27057', 'N48740', 'N35022', 'N41946', 'N46917', 'N62365', 'N2960', 'N8148', 'N28053', 'N20216', 'N30344', 'N38621', 'N33683', 'N25302', 'N61811', 'N18870', 'N14385', 'N16715', 'N6638', 'N49820', 'N55326', 'N22161', 'N5940', 'N27448', 'N41375', 'N57134', 'N15676', 'N306', 'N6074', 'N51706', 'N15719', 'N9284', 'N41970', 'N20187', 'N60939', 'N49731', 'N57812', 'N45999', 'N58098', 'N8258', 'N24298', 'N42726', 'N36786', 'N11512', 'N53754', 'N55743', 'N31371', 'N24691', 'N34842', 'N56778', 'N36019', 'N64661', 'N55345', 'N1267', 'N32109', 'N51852', 'N40640', 'N35094', 'N35389', 'N12883', 'N60975', 'N459', 'N42620', 'N61233', 'N14637', 'N37264', 'N28240', 'N8277', 'N26560', 'N19474', 'N3854', 'N35710', 'N35671', 'N16630', 'N30621', 'N40299', 'N28088', 'N56514', 'N19495', 'N28624', 'N39896', 'N14947', 'N38105', 'N19829', 'N8561', 'N5742', 'N14318', 'N18285', 'N57255', 'N46622']"
U84314,"['N36940', 'N37509', 'N20036', 'N34130', 'N35216', 'N53283', 'N55846', 'N1150', 'N5290', 'N60186', 'N3491', 'N33397', 'N27738', 'N46749', 'N56663', 'N24409', 'N58715', 'N17863', 'N60799', 'N20477', 'N4331', 'N34190', 'N65145', 'N49023', 'N60939', 'N7618', 'N45033', 'N34981', 'N1169', 'N30765', 'N15857', 'N64536', 'N34920', 'N63302', 'N20290', 'N871', 'N9797', 'N9804', 'N49588', 'N15933', 'N28828', 'N23049', 'N14102', 'N21019', 'N22816', 'N60675', 'N16954', 'N47347', 'N13887', 'N3168', 'N36019', 'N1120', 'N6194', 'N10560', 'N20078', 'N60724', 'N62396', 'N19131', 'N29269', 'N5978', 'N27057', 'N36530', 'N33507', 'N30621', 'N16630', 'N30974', 'N42137', 'N12625', 'N30665', 'N46392', 'N10078', 'N40299', 'N54496', 'N6511', 'N58098', 'N26026', 'N42596', 'N15297', 'N7563', 'N12384', 'N22519', 'N53234', 'N23094', 'N4607', 'N4593', 'N30199', 'N23239', 'N36796', 'N50019', 'N17878', 'N57327', 'N40509', 'N54528', 'N4985', 'N42358', 'N45610', 'N18094', 'N56778', 'N51793', 'N3797']"
U85401,"['N20036', 'N62365', 'N30290', 'N37509', 'N47383', 'N46749', 'N35216', 'N53242', 'N55189', 'N7618', 'N50775', 'N51692', 'N45729', 'N46846', 'N33397', 'N60675', 'N36786', 'N3168', 'N27057', 'N13887', 'N6638', 'N3491', 'N60186', 'N5290', 'N17863', 'N58715', 'N53283', 'N35369', 'N27738', 'N54571', 'N6400', 'N24409', 'N65145', 'N52850', 'N30765', 'N64536', 'N34920', 'N15857', 'N9804', 'N15933', 'N49588', 'N31248', 'N4331', 'N34190', 'N53895', 'N57327', 'N16954', 'N60799', 'N6194', 'N10560', 'N20078', 'N28828', 'N23049', 'N14102', 'N12625', 'N42137', 'N30665', 'N61864', 'N49023', 'N40299', 'N2203', 'N23094', 'N1169', 'N45033', 'N34981', 'N20290', 'N63302', 'N42596', 'N15297', 'N36530', 'N33507', 'N57737', 'N60939', 'N19131', 'N29269', 'N36779', 'N5978', 'N54225', 'N62396', 'N12320', 'N27448', 'N63411', 'N60615', 'N10078', 'N871', 'N52536', 'N1878', 'N17878', 'N50019', 'N36796', 'N23239', 'N23535', 'N58391', 'N26485', 'N54522', 'N64273', 'N42358', 'N20575', 'N60340', 'N31801']"
U87219,"['N18870', 'N19685', 'N15676', 'N13556', 'N50055', 'N62058', 'N51852', 'N37909', 'N3500', 'N33337', 'N29862', 'N6638', 'N14385', 'N57255', 'N60939', 'N35216', 'N22161', 'N9824', 'N63650', 'N16233', 'N42620', 'N56889', 'N32089', 'N8220', 'N18942', 'N4020', 'N43019', 'N27057', 'N20290', 'N63302', 'N57401', 'N38166', 'N13408', 'N11855', 'N47966', 'N26136', 'N27907', 'N619', 'N57265', 'N23571', 'N29597', 'N20057', 'N7632', 'N20620', 'N23622', 'N36064', 'N28088', 'N47020', 'N11930', 'N26026', 'N41375', 'N49820', 'N14318', 'N4593', 'N6400', 'N32643', 'N459', 'N4189', 'N3301', 'N3046', 'N25691', 'N39462', 'N24298', 'N40509', 'N27738', 'N44796', 'N40265', 'N35671', 'N15719', 'N9284', 'N22519', 'N7563', 'N12384', 'N53234', 'N871', 'N35022', 'N58641', 'N29523', 'N58715', 'N17863', 'N1150', 'N6194', 'N10560', 'N20078', 'N61811', 'N36019', 'N55189', 'N30867', 'N11005', 'N6616', 'N5978', 'N12761', 'N33530', 'N20039', 'N43595', 'N60799', 'N59704', 'N5123', 'N39896', 'N24409']"
U89122,"['N11930', 'N6074', 'N27057', 'N46749', 'N48740', 'N20036', 'N7618', 'N37352', 'N30974', 'N22816', 'N21019', 'N15676', 'N51692', 'N35216', 'N60675', 'N54571', 'N44402', 'N20477', 'N64467', 'N37509', 'N44559', 'N48487', 'N18094', 'N18459', 'N49319', 'N55856', 'N23864', 'N13408', 'N63421', 'N7179', 'N3491', 'N60186', 'N5290', 'N47383', 'N58715', 'N17863', 'N9151', 'N9798', 'N31070', 'N45729', 'N28828', 'N14102', 'N23049', 'N46846', 'N16344', 'N1150', 'N56778', 'N871', 'N21892', 'N48615', 'N41298', 'N90', 'N61388', 'N55951', 'N56486', 'N33096', 'N56663', 'N7556', 'N9803', 'N32005', 'N22690', 'N36275', 'N19043', 'N51176', 'N54695', 'N63411', 'N30765', 'N34920', 'N15857', 'N64536', 'N28624', 'N26485', 'N34190', 'N4331', 'N64273', 'N4150', 'N61007', 'N56447', 'N39376', 'N42528', 'N26421', 'N8587', 'N38394', 'N13887', 'N49023', 'N65145', 'N42470', 'N56514', 'N35369', 'N38256', 'N24298', 'N29177', 'N42431', 'N50004', 'N2324', 'N13233', 'N26026', 'N62396', 'N60985', 'N20187']"
U89150,"['N42767', 'N13408', 'N53572', 'N62365', 'N36940', 'N18870', 'N6638', 'N41946', 'N46917', 'N42620', 'N14385', 'N45999', 'N49731', 'N57812', 'N51706', 'N17863', 'N58715', 'N619', 'N35710', 'N6156', 'N4020', 'N15676', 'N20057', 'N29597', 'N32109', 'N15857', 'N30765', 'N64536', 'N34920', 'N44559', 'N51852', 'N55189', 'N20187', 'N54522', 'N58098', 'N6464', 'N12367', 'N49897', 'N7714', 'N32939', 'N51112', 'N43595', 'N40509', 'N9824', 'N63650', 'N16233', 'N1603', 'N57255', 'N62396', 'N33397', 'N37352', 'N15655', 'N39867', 'N9797', 'N41375', 'N48740', 'N11855', 'N26136', 'N47966', 'N27907', 'N40299', 'N8220', 'N18942', 'N22018', 'N14318', 'N60215', 'N41970', 'N22161', 'N60724', 'N44656', 'N40692', 'N30621', 'N16630', 'N13137', 'N36530', 'N43142', 'N56514', 'N20477', 'N8148', 'N19685', 'N16715', 'N51692', 'N9226', 'N14102', 'N23049', 'N28828', 'N35094', 'N12883', 'N35389', 'N32643', 'N13081', 'N17242', 'N3797', 'N13995', 'N47020', 'N24298', 'N3046', 'N25691', 'N38556', 'N5252']"
U89649,"['N42767', 'N36940', 'N50055', 'N15676', 'N14385', 'N51852', 'N42844', 'N13556', 'N20187', 'N41375', 'N57255', 'N62058', 'N306', 'N28088', 'N2960', 'N43019', 'N3500', 'N37909', 'N33337', 'N42620', 'N27907', 'N6916', 'N24298', 'N47020', 'N46976', 'N6074', 'N8220', 'N18942', 'N40716', 'N6638', 'N56889', 'N32643', 'N29597', 'N20057', 'N58098', 'N35022', 'N38166', 'N57401', 'N20620', 'N23622', 'N36064', 'N7632', 'N13081', 'N17242', 'N459', 'N61811', 'N27057', 'N23571', 'N56240', 'N40265', 'N26026', 'N22161', 'N39896', 'N54827', 'N16715', 'N47406', 'N14761', 'N32089', 'N32004', 'N61233', 'N53283', 'N49820', 'N39462', 'N40509', 'N4020', 'N12761', 'N33530', 'N20039', 'N13332', 'N14514', 'N39737', 'N38556', 'N11020', 'N11005', 'N30867', 'N6616', 'N29523', 'N15719', 'N9284', 'N11177', 'N59704', 'N9797', 'N50775', 'N50032', 'N60215', 'N57265', 'N53754', 'N1120', 'N42553', 'N22018', 'N60212', 'N44559', 'N49914', 'N46039', 'N90', 'N19435', 'N60975', 'N35693', 'N35009', 'N43595']"
U92646,"['N46976', 'N36940', 'N306', 'N13137', 'N619', 'N36786', 'N57812', 'N49731', 'N45999', 'N53242', 'N62365', 'N55189', 'N18870', 'N35710', 'N35022', 'N51706', 'N11177', 'N42767', 'N32109', 'N17863', 'N58715', 'N1150', 'N53572', 'N42620', 'N22161', 'N49914', 'N46039', 'N46392', 'N8148', 'N58098', 'N15857', 'N34920', 'N64536', 'N30765', 'N34130', 'N54522', 'N20290', 'N63302', 'N41970', 'N1603', 'N36019', 'N29597', 'N20057', 'N15676', 'N459', 'N59704', 'N37264', 'N33397', 'N37352', 'N44559', 'N56514', 'N64661', 'N55345', 'N1267', 'N62396', 'N40299', 'N60215', 'N871', 'N34287', 'N38621', 'N28053', 'N25302', 'N20216', 'N33683', 'N30344', 'N32643', 'N51692', 'N40509', 'N5163', 'N60985', 'N9226', 'N51852', 'N10078', 'N30974', 'N22519', 'N7563', 'N53234', 'N12384', 'N3143', 'N24148', 'N57265', 'N63421', 'N61388', 'N56778', 'N57134', 'N22185', 'N6511', 'N54496', 'N48487', 'N60186', 'N5290', 'N3491', 'N32004', 'N45729', 'N13995', 'N3797', 'N56447', 'N57255', 'N40640', 'N22018']"
U93646,"['N37352', 'N62365', 'N37509', 'N20036', 'N30290', 'N47383', 'N20187', 'N40716', 'N46749', 'N55846', 'N48740', 'N7618', 'N34130', 'N41946', 'N1120', 'N55189', 'N27057', 'N60675', 'N45729', 'N20477', 'N52850', 'N13887', 'N46846', 'N56663', 'N37942', 'N45794', 'N13556', 'N33397', 'N51692', 'N1150', 'N49023', 'N9797', 'N60724', 'N36530', 'N54225', 'N23049', 'N14102', 'N28828', 'N52536', 'N35369', 'N42596', 'N15297', 'N50055', 'N60184', 'N27759', 'N5290', 'N60186', 'N3491', 'N49820', 'N10560', 'N20078', 'N6194', 'N46392', 'N36940', 'N11512', 'N23094', 'N20609', 'N37977', 'N55558', 'N30028', 'N25351', 'N55732', 'N61864', 'N53346', 'N12320', 'N47347', 'N5978', 'N50032', 'N306', 'N60615', 'N54571', 'N30621', 'N16630', 'N27448', 'N34561', 'N8548', 'N40299', 'N39118', 'N15719', 'N9284', 'N16954', 'N12625', 'N42137', 'N30665', 'N58391', 'N65007', 'N21215', 'N27167', 'N62285', 'N2231', 'N23554', 'N2203', 'N36699', 'N37663', 'N4331', 'N34190', 'N2960', 'N10359', 'N19620', 'N60939']"
U9370,"['N13408', 'N11930', 'N306', 'N31958', 'N53242', 'N41946', 'N6916', 'N36940', 'N46976', 'N12320', 'N40299', 'N23094', 'N46392', 'N36786', 'N20078', 'N6194', 'N10560', 'N58391', 'N5978', 'N53895', 'N17166', 'N55911', 'N4593', 'N43142', 'N49285', 'N35710', 'N64395', 'N23239', 'N50019', 'N17878', 'N36796', 'N14761', 'N47406', 'N11784', 'N53572', 'N44656', 'N40692', 'N47847', 'N35560', 'N58715', 'N17863', 'N31248', 'N45289', 'N18347', 'N25518', 'N37131', 'N34130', 'N46749', 'N55189', 'N39737', 'N42620', 'N57318', 'N44007', 'N35389', 'N12883', 'N35094', 'N54496', 'N6511', 'N30765', 'N34920', 'N64536', 'N15857', 'N11177', 'N37942', 'N19435', 'N62285', 'N21215', 'N65007', 'N27167', 'N51706', 'N996', 'N2782', 'N54850', 'N23971', 'N32443', 'N26176', 'N20290', 'N63302', 'N1150', 'N49914', 'N46039', 'N42373', 'N44399', 'N14340', 'N53754', 'N49731', 'N57812', 'N45999', 'N33724', 'N58801', 'N15185', 'N41226', 'N58264', 'N12349', 'N44251', 'N6023', 'N47558', 'N7328', 'N23119', 'N43061']"
U9487,"['N42767', 'N13408', 'N18870', 'N36940', 'N42620', 'N15676', 'N46917', 'N35710', 'N49731', 'N45999', 'N57812', 'N62365', 'N51706', 'N14385', 'N53572', 'N51852', 'N459', 'N1150', 'N32109', 'N619', 'N19685', 'N17863', 'N58715', 'N32004', 'N57255', 'N63650', 'N16233', 'N9824', 'N43595', 'N40509', 'N54522', 'N1603', 'N44559', 'N35671', 'N27907', 'N64536', 'N15857', 'N30765', 'N34920', 'N4020', 'N8220', 'N18942', 'N47966', 'N26136', 'N11855', 'N32643', 'N56514', 'N306', 'N41970', 'N60215', 'N63421', 'N41375', 'N46039', 'N49914', 'N28088', 'N58098', 'N47020', 'N33337', 'N37909', 'N3500', 'N8148', 'N38166', 'N57401', 'N13081', 'N17242', 'N60985', 'N14318', 'N62396', 'N13137', 'N10078', 'N36064', 'N7632', 'N20620', 'N23622', 'N43019', 'N64661', 'N1267', 'N55345', 'N25691', 'N3046', 'N9226', 'N55189', 'N33096', 'N6156', 'N35216', 'N40692', 'N44656', 'N22161', 'N56889', 'N24298', 'N9797', 'N40265', 'N32089', 'N16715', 'N54827', 'N6464', 'N49897', 'N7714', 'N51112', 'N32939']"
