interaction_id,user_id,content_id,interaction_type,interaction_date
5043,U89122,N9804,Share,2024-02-13
5044,U89122,N19131,Comment,2024-07-20
5045,U89122,N34934,Report,2024-11-12
5046,U89122,N56240,Report,2024-11-04
5047,U89122,N15933,Share,2024-05-13
5048,U89122,N60605,Viewed,2024-05-29
5049,U89122,N5559,Report,2024-12-11
5050,U89122,N4985,Like,2024-12-18
5051,U89122,N29269,Comment,2024-08-29
5052,U89122,N63453,Report,2024-12-12
5053,U89122,N21778,Dislike,2024-01-19
5054,U89122,N54528,Like,2024-09-03
5055,U89122,N49588,Share,2024-03-15
5056,U89122,N2003,Viewed,2024-09-19
5060,U89122,N6400,Report,2024-05-04
5062,U89122,N58098,Dislike,2024-04-09
5063,U89122,N5940,Like,2024-06-07
5064,U89122,N53572,Comment,2024-08-05
5065,U89122,N6916,Report,2024-05-28
5066,U89122,N62365,Comment,2024-08-27
5067,U89122,N19990,Report,2024-04-11
5069,U89122,N29862,Share,2024-04-07
5070,U89122,N42844,Report,2024-05-29
5071,U89122,N34130,Viewed,2024-04-17
5073,U89122,N49285,Report,2024-03-04
8023,U44258,N23571,Like,2024-08-21
8024,U44258,N37909,Share,2024-01-21
8025,U44258,N3500,Share,2024-07-30
8026,U44258,N30867,Viewed,2024-10-28
8027,U44258,N57318,Dislike,2024-11-09
8028,U44258,N64395,Dislike,2024-01-11
8029,U44258,N35560,Report,2024-09-12
8030,U44258,N11005,Viewed,2024-03-26
8031,U44258,N44007,Dislike,2024-01-13
8032,U44258,N56889,Comment,2024-03-20
8033,U44258,N47847,Report,2024-08-18
8034,U44258,N26026,Comment,2024-10-10
8035,U44258,N33337,Share,2024-04-30
8036,U44258,N62058,Share,2024-04-20
8037,U44258,N53895,Report,2024-06-18
8038,U44258,N6616,Viewed,2024-01-27
8039,U44258,N55911,Dislike,2024-04-30
8040,U44258,N42767,Share,2024-07-25
8042,U44258,N36779,Like,2024-11-22
8043,U44258,N5940,Like,2024-09-19
8044,U44258,N31958,Dislike,2024-07-08
8046,U44258,N53242,Dislike,2024-04-29
8047,U44258,N46917,Viewed,2024-07-28
8048,U44258,N30290,Share,2024-10-01
8049,U44258,N20036,Dislike,2024-05-04
23487,U76942,N62282,Dislike,2024-03-07
23488,U76942,N55846,Dislike,2024-03-22
23489,U76942,N56499,Report,2024-05-04
23490,U76942,N36275,Like,2024-09-28
23491,U76942,N62342,Report,2024-04-10
23493,U76942,N4786,Dislike,2024-11-26
23494,U76942,N55326,Viewed,2024-11-19
23495,U76942,N55856,Comment,2024-06-11
23496,U76942,N65031,Report,2024-12-01
23497,U76942,N56514,Comment,2024-04-11
23498,U76942,N8305,Viewed,2024-01-24
23499,U76942,N18459,Comment,2024-10-28
23500,U76942,N44402,Share,2024-10-22
23501,U76942,N3542,Report,2024-10-24
23502,U76942,N38367,Dislike,2024-11-26
23503,U76942,N49319,Comment,2024-03-09
23504,U76942,N58871,Dislike,2024-05-09
23505,U76942,N23864,Comment,2024-07-21
23506,U76942,N54695,Like,2024-04-10
23507,U76942,N36530,Report,2024-03-07
23510,U76942,N51176,Like,2024-05-10
23511,U76942,N22394,Report,2024-01-26
23512,U76942,N15676,Like,2024-06-04
23513,U76942,N10359,Dislike,2024-11-09
23514,U76942,N11929,Dislike,2024-06-13
23515,U76942,N19043,Like,2024-08-12
23516,U76942,N52294,Dislike,2024-02-19
23517,U76942,N53572,Viewed,2024-07-17
23519,U76942,N6400,Report,2024-08-31
23520,U76942,N29862,Share,2024-10-04
46299,U45077,N47558,Comment,2024-05-11
46300,U45077,N51112,Report,2024-06-22
46301,U45077,N7714,Report,2024-08-07
46302,U45077,N27167,Share,2024-12-11
46303,U45077,N65007,Share,2024-11-04
46304,U45077,N4020,Report,2024-07-24
46305,U45077,N21215,Share,2024-04-23
46306,U45077,N6023,Comment,2024-08-28
46307,U45077,N62285,Share,2024-09-06
46309,U45077,N11177,Share,2024-03-20
46310,U45077,N23119,Comment,2024-03-23
46311,U45077,N49897,Report,2024-04-09
46312,U45077,N6156,Report,2024-11-19
46313,U45077,N58057,Viewed,2024-03-26
46314,U45077,N15655,Dislike,2024-02-02
46315,U45077,N41526,Like,2024-09-14
46316,U45077,N59943,Like,2024-08-04
46317,U45077,N32939,Report,2024-03-07
46318,U45077,N12367,Report,2024-08-23
46319,U45077,N6464,Report,2024-02-18
46320,U45077,N46392,Like,2024-10-05
46321,U45077,N39867,Dislike,2024-08-23
46322,U45077,N37942,Share,2024-09-11
46323,U45077,N306,Share,2024-06-03
46324,U45077,N44702,Viewed,2024-12-17
46325,U45077,N7327,Like,2024-09-28
46326,U45077,N64273,Report,2024-06-16
46327,U45077,N35671,Dislike,2024-04-30
46328,U45077,N7328,Comment,2024-03-04
46329,U45077,N34130,Share,2024-05-24
46330,U45077,N37352,Like,2024-08-04
46331,U45077,N53572,Viewed,2024-06-28
48554,U54589,N20950,Report,2024-02-14
48556,U54589,N33724,Like,2024-11-24
48557,U54589,N40692,Share,2024-11-30
48558,U54589,N47555,Viewed,2024-08-10
48559,U54589,N44656,Share,2024-05-06
48560,U54589,N58801,Like,2024-04-21
48561,U54589,N30290,Like,2024-05-21
48562,U54589,N31958,Like,2024-10-11
48563,U54589,N19990,Report,2024-03-08
48564,U54589,N20036,Share,2024-10-26
48565,U54589,N36779,Dislike,2024-07-14
51061,U9370,N13925,Report,2024-11-20
51062,U9370,N14452,Like,2024-03-23
51063,U9370,N32498,Viewed,2024-05-01
51064,U9370,N18870,Dislike,2024-11-30
51065,U9370,N20036,Share,2024-08-29
51066,U9370,N36779,Dislike,2024-04-06
51224,U66352,N35022,Dislike,2024-02-23
51225,U66352,N28624,Like,2024-06-02
51226,U66352,N42128,Report,2024-01-10
51227,U66352,N1219,Report,2024-09-15
51228,U66352,N19495,Like,2024-11-26
51229,U66352,N50333,Viewed,2024-09-15
51230,U66352,N20036,Viewed,2024-10-22
51231,U66352,N36779,Share,2024-11-09
51233,U66352,N46976,Share,2024-06-27
51234,U66352,N31958,Like,2024-08-17
51235,U66352,N35216,Like,2024-01-09
62422,U11660,N42431,Dislike,2024-12-14
62423,U11660,N13233,Comment,2024-10-18
62424,U11660,N26421,Dislike,2024-01-02
62425,U11660,N39896,Comment,2024-06-29
62426,U11660,N14514,Like,2024-04-19
62427,U11660,N13332,Like,2024-09-04
62428,U11660,N36940,Share,2024-09-09
62429,U11660,N50004,Dislike,2024-09-02
62430,U11660,N19685,Like,2024-06-18
62432,U11660,N48487,Viewed,2024-03-24
62434,U11660,N42767,Share,2024-01-16
62435,U11660,N36786,Comment,2024-11-24
62436,U11660,N13556,Comment,2024-04-24
62437,U11660,N36779,Like,2024-03-26
62438,U11660,N50055,Viewed,2024-11-05
62439,U11660,N53242,Comment,2024-11-16
62440,U11660,N63421,Report,2024-09-22
62441,U11660,N30290,Share,2024-06-29
62442,U11660,N5940,Like,2024-01-04
62443,U11660,N20036,Share,2024-03-20
62444,U11660,N22690,Report,2024-11-02
62445,U11660,N6916,Report,2024-02-29
62446,U11660,N2960,Viewed,2024-11-04
62447,U11660,N32005,Report,2024-03-02
62448,U11660,N46917,Dislike,2024-06-28
62449,U11660,N31958,Share,2024-08-08
62819,U48544,N44251,Dislike,2024-02-06
62820,U48544,N8587,Comment,2024-05-11
62821,U48544,N619,Share,2024-11-02
62822,U48544,N26026,Like,2024-04-20
62823,U48544,N58264,Dislike,2024-01-13
62824,U48544,N48615,Comment,2024-04-21
62825,U48544,N35710,Like,2024-01-14
62826,U48544,N31248,Comment,2024-04-10
62827,U48544,N42620,Like,2024-04-19
62828,U48544,N6916,Report,2024-07-08
62830,U48544,N49285,Report,2024-03-03
62831,U48544,N29862,Viewed,2024-07-20
62832,U48544,N53572,Comment,2024-02-02
62833,U48544,N5940,Comment,2024-04-21
62834,U48544,N19990,Report,2024-05-11
62835,U48544,N48740,Like,2024-07-27
62838,U48544,N6400,Report,2024-05-02
62839,U48544,N42844,Report,2024-09-27
62840,U48544,N31958,Like,2024-09-13
62842,U48544,N58098,Comment,2024-03-31
62846,U48544,N62365,Viewed,2024-05-09
65621,U5144,N1171,Viewed,2024-05-17
65622,U5144,N32004,Like,2024-02-09
65623,U5144,N49538,Viewed,2024-05-19
65624,U5144,N13153,Like,2024-04-09
65625,U5144,N6916,Report,2024-02-21
65626,U5144,N6638,Share,2024-08-15
65627,U5144,N13408,Share,2024-03-13
65628,U5144,N36779,Dislike,2024-06-14
65630,U5144,N36786,Comment,2024-04-10
65631,U5144,N53242,Share,2024-01-17
65632,U5144,N53754,Viewed,2024-08-07
65633,U5144,N46976,Comment,2024-06-17
65634,U5144,N30290,Comment,2024-07-14
65635,U5144,N20187,Report,2024-07-26
65636,U5144,N20036,Dislike,2024-03-30
65637,U5144,N11930,Dislike,2024-02-18
65638,U5144,N31958,Share,2024-10-20
65640,U5144,N13556,Dislike,2024-06-18
65641,U5144,N5940,Like,2024-01-23
65642,U5144,N57327,Like,2024-07-14
65644,U5144,N42844,Report,2024-11-15
65645,U5144,N59602,Viewed,2024-01-09
65646,U5144,N35216,Comment,2024-03-14
65647,U5144,N36940,Dislike,2024-01-13
65648,U5144,N3168,Viewed,2024-03-07
65649,U5144,N41946,Dislike,2024-05-05
65650,U5144,N58098,Comment,2024-05-03
69906,U33043,N49820,Share,2024-10-24
69907,U33043,N31958,Viewed,2024-03-15
69908,U33043,N36786,Share,2024-09-27
69910,U33043,N36779,Viewed,2024-07-17
69911,U33043,N46917,Viewed,2024-02-03
69912,U33043,N13556,Comment,2024-01-04
69913,U33043,N48487,Dislike,2024-07-11
69914,U33043,N50055,Comment,2024-09-30
69915,U33043,N2960,Comment,2024-05-14
69916,U33043,N8306,Dislike,2024-08-07
69917,U33043,N42767,Like,2024-01-01
69918,U33043,N57327,Comment,2024-05-31
69919,U33043,N19685,Viewed,2024-12-05
69920,U33043,N60939,Share,2024-05-06
69921,U33043,N36940,Share,2024-02-16
69922,U33043,N30290,Like,2024-12-15
69923,U33043,N47195,Report,2024-01-27
69924,U33043,N63421,Report,2024-10-11
69925,U33043,N20036,Viewed,2024-05-12
69927,U33043,N6916,Report,2024-08-29
69928,U33043,N5940,Dislike,2024-06-02
81764,U69009,N14340,Viewed,2024-07-02
81765,U69009,N44399,Dislike,2024-07-22
81766,U69009,N42373,Viewed,2024-04-12
81767,U69009,N43019,Like,2024-02-24
81768,U69009,N30290,Share,2024-05-27
81770,U69009,N42767,Share,2024-09-23
81771,U69009,N5940,Like,2024-06-01
81772,U69009,N50055,Viewed,2024-02-27
81773,U69009,N46917,Dislike,2024-11-26
81774,U69009,N20036,Dislike,2024-08-10
81775,U69009,N19685,Comment,2024-01-29
81777,U69009,N31958,Like,2024-09-29
81778,U69009,N53242,Dislike,2024-03-27
81779,U69009,N36779,Viewed,2024-01-11
81780,U69009,N13556,Like,2024-08-19
81781,U69009,N36940,Viewed,2024-04-23
82367,U69893,N33276,Comment,2024-06-18
82368,U69893,N13137,Dislike,2024-03-08
82369,U69893,N32573,Share,2024-08-15
82370,U69893,N53572,Share,2024-08-17
82371,U69893,N52850,Like,2024-09-21
82372,U69893,N29862,Comment,2024-06-02
90596,U29142,N56969,Dislike,2024-07-08
90597,U29142,N27057,Share,2024-02-01
90600,U29142,N58098,Dislike,2024-04-19
90601,U29142,N7556,Viewed,2024-08-10
90602,U29142,N31958,Like,2024-06-12
90603,U29142,N7618,Like,2024-08-24
90604,U29142,N6916,Report,2024-02-20
90606,U29142,N42844,Report,2024-06-12
90607,U29142,N29862,Share,2024-06-01
90608,U29142,N49285,Report,2024-11-04
90610,U29142,N34130,Viewed,2024-04-12
90612,U29142,N62365,Viewed,2024-07-15
90614,U29142,N46749,Comment,2024-10-23
90616,U29142,N12446,Report,2024-07-27
90619,U29142,N6400,Report,2024-06-12
90622,U29142,N48740,Dislike,2024-07-02
90623,U29142,N11930,Viewed,2024-06-28
90624,U29142,N19990,Report,2024-02-06
90625,U29142,N1952,Report,2024-03-12
90626,U29142,N6950,Report,2024-03-05
90627,U29142,N53572,Share,2024-11-07
95315,U89150,N459,Share,2024-05-16
95316,U89150,N29177,Dislike,2024-06-06
95317,U89150,N1150,Share,2024-02-21
95318,U89150,N10078,Like,2024-07-03
95319,U89150,N33276,Dislike,2024-06-14
95320,U89150,N53033,Viewed,2024-08-07
95321,U89150,N51089,Dislike,2024-05-20
95322,U89150,N10867,Report,2024-04-23
95323,U89150,N35671,Viewed,2024-06-26
95325,U89150,N19990,Report,2024-11-27
95326,U89150,N5940,Comment,2024-05-19
95328,U89150,N53283,Like,2024-08-11
95329,U89150,N46976,Comment,2024-06-10
95330,U89150,N30290,Share,2024-10-18
95331,U89150,N20036,Comment,2024-11-09
95332,U89150,N31958,Like,2024-08-29
95334,U89150,N36779,Like,2024-10-08
95335,U89150,N49285,Report,2024-07-21
98086,U30113,N22018,Share,2024-02-25
98087,U30113,N14749,Like,2024-09-29
98088,U30113,N20036,Share,2024-07-22
98089,U30113,N19990,Report,2024-02-03
98090,U30113,N36779,Viewed,2024-09-03
98092,U30113,N30290,Like,2024-09-07
98093,U30113,N31958,Like,2024-01-28
102862,U40619,N29177,Like,2024-05-15
102863,U40619,N35022,Like,2024-06-11
102864,U40619,N40716,Report,2024-03-02
102865,U40619,N21892,Share,2024-08-07
102866,U40619,N42528,Comment,2024-02-02
102867,U40619,N36530,Report,2024-11-12
102868,U40619,N22997,Dislike,2024-03-08
102869,U40619,N54522,Dislike,2024-07-30
102870,U40619,N28311,Viewed,2024-03-03
102871,U40619,N22997,Viewed,2024-08-09
102872,U40619,N39376,Comment,2024-05-26
102873,U40619,N8073,Viewed,2024-06-15
102874,U40619,N52555,Like,2024-07-22
102875,U40619,N64640,Viewed,2024-06-22
102876,U40619,N54571,Like,2024-10-24
102877,U40619,N62590,Viewed,2024-02-16
102879,U40619,N53572,Dislike,2024-04-03
102880,U40619,N6400,Report,2024-06-13
102882,U40619,N29862,Share,2024-11-20
109548,U7475,N42844,Report,2024-03-09
109550,U7475,N58098,Comment,2024-10-11
109551,U7475,N49285,Report,2024-06-13
109553,U7475,N45289,Report,2024-10-16
109554,U7475,N47383,Comment,2024-05-12
109555,U7475,N11930,Dislike,2024-01-29
109556,U7475,N50775,Share,2024-05-03
109557,U7475,N33397,Share,2024-10-15
109558,U7475,N5940,Comment,2024-09-26
109561,U7475,N16954,Share,2024-11-24
109562,U7475,N53572,Share,2024-10-09
109563,U7475,N19990,Report,2024-03-05
109564,U7475,N30290,Comment,2024-03-24
109565,U7475,N1952,Report,2024-02-23
109566,U7475,N26485,Viewed,2024-11-27
109567,U7475,N13408,Comment,2024-01-05
109568,U7475,N6916,Report,2024-08-27
109569,U7475,N12446,Report,2024-07-01
109570,U7475,N20477,Dislike,2024-02-18
109571,U7475,N37352,Like,2024-04-04
109572,U7475,N36779,Like,2024-06-26
109574,U7475,N60724,Dislike,2024-03-21
109575,U7475,N33507,Comment,2024-07-09
109577,U7475,N31958,Viewed,2024-04-18
109579,U7475,N62365,Dislike,2024-07-29
111636,U61202,N32483,Dislike,2024-02-12
111637,U61202,N57737,Report,2024-07-21
111638,U61202,N3863,Dislike,2024-02-10
111639,U61202,N27464,Viewed,2024-05-01
111640,U61202,N39117,Dislike,2024-11-27
111641,U61202,N32089,Like,2024-03-30
111642,U61202,N14302,Comment,2024-02-25
111643,U61202,N18030,Dislike,2024-05-09
111644,U61202,N42215,Comment,2024-03-12
111645,U61202,N37123,Viewed,2024-03-11
111646,U61202,N35022,Share,2024-01-19
111647,U61202,N22161,Like,2024-09-11
111648,U61202,N55743,Dislike,2024-04-27
111649,U61202,N306,Share,2024-06-06
111650,U61202,N48715,Dislike,2024-01-31
111651,U61202,N18870,Like,2024-04-20
111652,U61202,N9317,Share,2024-06-24
111653,U61202,N57726,Comment,2024-10-03
111654,U61202,N64273,Report,2024-05-31
111655,U61202,N36779,Viewed,2024-02-06
111656,U61202,N20036,Like,2024-03-08
115969,U2382,N3264,Report,2024-06-01
115970,U2382,N47020,Dislike,2024-07-31
115971,U2382,N7530,Comment,2024-09-06
115972,U2382,N51253,Report,2024-03-29
115973,U2382,N53346,Report,2024-01-27
115974,U2382,N23535,Dislike,2024-07-18
115975,U2382,N63421,Report,2024-10-15
115976,U2382,N29490,Report,2024-01-01
115977,U2382,N30290,Dislike,2024-10-15
115978,U2382,N61233,Viewed,2024-01-07
115979,U2382,N2960,Like,2024-03-15
115980,U2382,N5940,Comment,2024-05-04
115981,U2382,N41934,Viewed,2024-08-25
115982,U2382,N46917,Viewed,2024-05-14
115983,U2382,N27737,Viewed,2024-07-04
115984,U2382,N36786,Comment,2024-10-02
115985,U2382,N6916,Report,2024-05-03
115986,U2382,N20036,Like,2024-07-10
122438,U69666,N26754,Viewed,2024-01-07
122439,U69666,N50135,Like,2024-11-12
123441,U75756,N36019,Viewed,2024-10-04
123442,U75756,N12883,Report,2024-09-11
123443,U75756,N1169,Like,2024-09-12
123444,U75756,N18285,Report,2024-08-04
123445,U75756,N43142,Report,2024-02-16
123446,U75756,N43061,Dislike,2024-01-17
123447,U75756,N14385,Comment,2024-07-06
123448,U75756,N34981,Comment,2024-04-14
123449,U75756,N45033,Comment,2024-07-17
123450,U75756,N24409,Comment,2024-06-29
123451,U75756,N36779,Comment,2024-04-09
123453,U75756,N20036,Comment,2024-06-14
123455,U75756,N35216,Share,2024-04-16
136990,U10162,N55743,Viewed,2024-09-11
136991,U10162,N619,Share,2024-04-23
136992,U10162,N306,Viewed,2024-07-24
136993,U10162,N33096,Viewed,2024-06-10
136994,U10162,N11020,Comment,2024-02-03
136995,U10162,N36779,Dislike,2024-07-29
136997,U10162,N31958,Viewed,2024-06-24
136998,U10162,N20036,Share,2024-10-05
136999,U10162,N42767,Viewed,2024-09-14
139414,U1727,N28323,Report,2024-01-01
139415,U1727,N3797,Viewed,2024-05-06
139416,U1727,N62396,Like,2024-01-18
139417,U1727,N58715,Share,2024-01-12
139418,U1727,N15857,Comment,2024-03-19
139419,U1727,N13995,Viewed,2024-01-13
139420,U1727,N34920,Comment,2024-02-20
139421,U1727,N58090,Report,2024-06-12
139422,U1727,N30765,Comment,2024-06-14
139423,U1727,N55743,Dislike,2024-06-02
139424,U1727,N34920,Viewed,2024-10-23
139425,U1727,N17863,Share,2024-07-23
139426,U1727,N62058,Dislike,2024-05-08
139427,U1727,N64536,Comment,2024-06-18
139428,U1727,N42844,Report,2024-08-05
139429,U1727,N30290,Comment,2024-04-14
139430,U1727,N53283,Share,2024-11-28
139431,U1727,N20036,Share,2024-07-07
139433,U1727,N19990,Report,2024-04-09
139434,U1727,N36779,Viewed,2024-03-07
139435,U1727,N5940,Like,2024-07-31
139436,U1727,N31958,Dislike,2024-09-16
139437,U1727,N13408,Viewed,2024-11-16
139438,U1727,N50775,Dislike,2024-06-19
139439,U1727,N49285,Report,2024-11-28
139441,U1727,N46976,Comment,2024-02-26
139442,U1727,N53572,Like,2024-04-01
146813,U56804,N5163,Like,2024-04-01
146814,U56804,N55189,Viewed,2024-08-01
146815,U56804,N32643,Viewed,2024-03-13
146816,U56804,N46039,Share,2024-04-15
146817,U56804,N36699,Report,2024-08-01
146818,U56804,N29041,Viewed,2024-11-15
146819,U56804,N39118,Report,2024-08-06
146820,U56804,N49914,Share,2024-07-15
146821,U56804,N1825,Dislike,2024-07-24
146822,U56804,N13925,Report,2024-03-22
146823,U56804,N16715,Share,2024-05-06
146824,U56804,N619,Like,2024-03-22
146825,U56804,N306,Comment,2024-03-05
146826,U56804,N55556,Viewed,2024-10-10
146827,U56804,N32004,Viewed,2024-04-19
146828,U56804,N4607,Report,2024-01-18
146829,U56804,N37663,Report,2024-01-28
146830,U56804,N39462,Dislike,2024-06-22
146831,U56804,N37509,Report,2024-01-14
146832,U56804,N6638,Like,2024-06-14
146833,U56804,N42844,Report,2024-09-12
146835,U56804,N13408,Share,2024-06-18
146836,U56804,N31958,Comment,2024-01-15
146837,U56804,N53242,Like,2024-07-05
146838,U56804,N36779,Viewed,2024-08-09
146839,U56804,N20036,Comment,2024-08-02
146841,U56804,N30290,Comment,2024-11-20
146842,U56804,N20187,Report,2024-02-29
146843,U56804,N5940,Like,2024-11-14
146844,U56804,N35216,Dislike,2024-07-08
149430,U5946,N37356,Report,2024-06-17
149431,U5946,N7632,Like,2024-11-01
149432,U5946,N18942,Comment,2024-12-03
149433,U5946,N20039,Viewed,2024-02-08
149434,U5946,N23622,Like,2024-02-22
149435,U5946,N19638,Dislike,2024-02-05
149436,U5946,N22570,Report,2024-08-06
149438,U5946,N20620,Like,2024-02-16
149439,U5946,N33530,Viewed,2024-09-28
149440,U5946,N45971,Dislike,2024-03-21
149441,U5946,N60383,Share,2024-09-11
149442,U5946,N36064,Like,2024-04-08
149443,U5946,N54827,Viewed,2024-12-09
149444,U5946,N61681,Dislike,2024-04-03
149446,U5946,N24346,Dislike,2024-03-21
149448,U5946,N8220,Comment,2024-02-16
149449,U5946,N41375,Like,2024-11-12
149450,U5946,N11405,Report,2024-07-30
149451,U5946,N57383,Dislike,2024-01-21
149452,U5946,N54536,Report,2024-09-20
149453,U5946,N18870,Comment,2024-02-06
149454,U5946,N53907,Dislike,2024-12-15
149455,U5946,N12761,Viewed,2024-10-28
149456,U5946,N37509,Report,2024-08-20
149457,U5946,N39462,Like,2024-02-20
149458,U5946,N31688,Report,2024-08-21
149459,U5946,N46917,Share,2024-04-19
149460,U5946,N5940,Viewed,2024-03-09
149461,U5946,N42767,Like,2024-04-17
149462,U5946,N29490,Report,2024-08-20
149463,U5946,N20036,Like,2024-04-09
149464,U5946,N53346,Report,2024-03-02
149465,U5946,N30290,Like,2024-07-02
156552,U50789,N50775,Viewed,2024-11-10
156553,U50789,N6400,Report,2024-01-28
156554,U50789,N48740,Viewed,2024-08-16
156555,U50789,N29862,Viewed,2024-09-16
156556,U50789,N31958,Like,2024-02-24
156557,U50789,N53572,Comment,2024-03-30
165094,U48544,N44251,Dislike,2024-02-22
165095,U48544,N8587,Like,2024-04-26
165096,U48544,N619,Viewed,2024-02-03
165097,U48544,N26026,Comment,2024-07-14
165098,U48544,N58264,Share,2024-04-26
165099,U48544,N48615,Share,2024-08-04
165100,U48544,N35710,Dislike,2024-05-03
165101,U48544,N31248,Viewed,2024-10-16
165102,U48544,N42620,Share,2024-01-24
165103,U48544,N29862,Like,2024-01-13
165104,U48544,N49285,Report,2024-01-12
165106,U48544,N50775,Comment,2024-12-09
165108,U48544,N31958,Dislike,2024-10-03
165109,U48544,N53572,Viewed,2024-12-07
165110,U48544,N62365,Like,2024-08-18
165111,U48544,N6400,Report,2024-06-12
165112,U48544,N42844,Report,2024-01-31
165113,U48544,N48740,Like,2024-08-26
165114,U48544,N5940,Dislike,2024-08-11
165117,U48544,N34130,Like,2024-08-22
167417,U11660,N42431,Share,2024-04-17
167418,U11660,N13233,Dislike,2024-10-12
167419,U11660,N26421,Share,2024-02-13
167420,U11660,N39896,Comment,2024-04-27
167421,U11660,N14514,Viewed,2024-01-24
167422,U11660,N13332,Like,2024-01-29
167423,U11660,N36940,Like,2024-03-04
167424,U11660,N19685,Share,2024-06-09
167425,U11660,N36779,Like,2024-07-11
167426,U11660,N53754,Share,2024-10-11
167427,U11660,N13556,Like,2024-07-07
167428,U11660,N32005,Report,2024-10-30
167429,U11660,N48487,Dislike,2024-08-03
167430,U11660,N16344,Report,2024-08-08
167431,U11660,N63421,Report,2024-07-27
167432,U11660,N30290,Viewed,2024-02-17
167433,U11660,N46917,Like,2024-03-04
167434,U11660,N5940,Dislike,2024-04-06
167435,U11660,N53242,Comment,2024-05-07
167436,U11660,N35693,Viewed,2024-11-27
167437,U11660,N50004,Share,2024-05-25
167438,U11660,N20036,Comment,2024-02-13
167439,U11660,N2324,Dislike,2024-01-23
167440,U11660,N22690,Report,2024-08-27
167442,U11660,N2960,Comment,2024-07-07
167443,U11660,N50055,Share,2024-02-05
167445,U11660,N36786,Like,2024-07-17
167446,U11660,N42767,Comment,2024-06-18
167447,U11660,N31958,Like,2024-09-12
167640,U75756,N36019,Like,2024-09-30
167641,U75756,N12883,Report,2024-12-12
167642,U75756,N1169,Comment,2024-03-04
167643,U75756,N18285,Report,2024-05-08
167644,U75756,N43142,Report,2024-09-08
167645,U75756,N43061,Like,2024-04-09
167646,U75756,N14385,Dislike,2024-12-04
167647,U75756,N34981,Comment,2024-07-06
167648,U75756,N45033,Comment,2024-05-28
167649,U75756,N24409,Share,2024-07-17
167650,U75756,N36786,Dislike,2024-10-28
167651,U75756,N35389,Report,2024-06-01
167652,U75756,N46976,Dislike,2024-01-20
167654,U75756,N36940,Comment,2024-07-14
167656,U75756,N42844,Report,2024-11-01
167657,U75756,N11930,Comment,2024-10-09
167658,U75756,N20036,Dislike,2024-08-15
167659,U75756,N20187,Report,2024-11-03
167660,U75756,N5940,Comment,2024-08-20
167661,U75756,N58098,Viewed,2024-02-16
167662,U75756,N35094,Report,2024-05-31
167664,U75756,N36779,Like,2024-06-24
167665,U75756,N31958,Dislike,2024-03-28
167666,U75756,N60799,Comment,2024-01-07
167667,U75756,N6916,Report,2024-02-26
167668,U75756,N41946,Dislike,2024-07-30
167669,U75756,N13408,Comment,2024-01-25
167670,U75756,N35216,Share,2024-09-03
167671,U75756,N6638,Like,2024-11-11
167672,U75756,N27738,Share,2024-05-27
167673,U75756,N30290,Like,2024-07-03
167674,U75756,N51793,Viewed,2024-08-15
171514,U68473,N8548,Report,2024-04-29
171515,U68473,N34561,Report,2024-05-21
171516,U68473,N38394,Comment,2024-08-17
171517,U68473,N12912,Viewed,2024-10-18
171518,U68473,N56514,Dislike,2024-07-18
171519,U68473,N64467,Share,2024-01-19
171520,U68473,N41298,Share,2024-05-29
171521,U68473,N19495,Dislike,2024-05-31
171522,U68473,N60985,Like,2024-08-20
171523,U68473,N50775,Dislike,2024-12-18
171524,U68473,N29862,Share,2024-02-18
171525,U68473,N6400,Report,2024-06-04
171526,U68473,N53572,Dislike,2024-11-23
181754,U68166,N5123,Like,2024-02-25
181755,U68166,N64442,Dislike,2024-08-16
181756,U68166,N57265,Share,2024-01-10
181757,U68166,N2028,Report,2024-11-22
181758,U68166,N26421,Viewed,2024-01-02
181759,U68166,N4355,Report,2024-01-02
181760,U68166,N4189,Comment,2024-07-03
181761,U68166,N39374,Dislike,2024-08-20
181763,U68166,N22161,Share,2024-02-06
181765,U68166,N3301,Comment,2024-11-20
181766,U68166,N20036,Comment,2024-08-09
181767,U68166,N60939,Viewed,2024-03-06
181768,U68166,N5940,Like,2024-01-07
181769,U68166,N31958,Dislike,2024-02-18
181770,U68166,N36779,Like,2024-01-28
181771,U68166,N46917,Dislike,2024-12-10
181773,U68166,N42767,Comment,2024-10-28
181774,U68166,N30290,Viewed,2024-04-05
183633,U6528,N37977,Report,2024-05-21
183634,U6528,N29177,Viewed,2024-04-25
183635,U6528,N20609,Report,2024-05-14
183636,U6528,N27448,Like,2024-03-07
183637,U6528,N24148,Like,2024-11-16
183638,U6528,N55732,Report,2024-03-26
183639,U6528,N56708,Viewed,2024-07-14
183640,U6528,N41970,Share,2024-11-08
183641,U6528,N55345,Comment,2024-06-02
183642,U6528,N1267,Comment,2024-12-08
183643,U6528,N13137,Share,2024-06-12
183644,U6528,N25351,Report,2024-03-04
183645,U6528,N64661,Comment,2024-03-18
183646,U6528,N3143,Like,2024-01-20
183647,U6528,N7376,Dislike,2024-01-03
183648,U6528,N58264,Dislike,2024-03-13
183649,U6528,N37942,Dislike,2024-04-16
183650,U6528,N619,Like,2024-07-16
183651,U6528,N30028,Report,2024-07-20
183652,U6528,N1120,Report,2024-06-23
183653,U6528,N35246,Dislike,2024-08-16
183654,U6528,N43142,Report,2024-10-22
183655,U6528,N14349,Dislike,2024-12-04
183656,U6528,N8148,Comment,2024-04-16
183657,U6528,N55558,Report,2024-03-18
183658,U6528,N13408,Viewed,2024-06-25
183659,U6528,N36779,Viewed,2024-05-20
183660,U6528,N35216,Dislike,2024-01-03
183662,U6528,N46976,Comment,2024-02-07
183663,U6528,N31958,Viewed,2024-05-07
183664,U6528,N5940,Comment,2024-09-11
183666,U6528,N30290,Dislike,2024-01-06
183667,U6528,N20036,Viewed,2024-06-08
183668,U6528,N6638,Like,2024-11-05
187810,U12188,N41651,Report,2024-06-18
187811,U12188,N60724,Dislike,2024-01-27
187813,U12188,N26485,Comment,2024-01-05
187815,U12188,N11930,Dislike,2024-12-17
187816,U12188,N29862,Share,2024-09-28
188188,U33043,N49820,Viewed,2024-05-29
188189,U33043,N48487,Like,2024-04-23
188190,U33043,N20036,Comment,2024-04-15
188191,U33043,N14637,Like,2024-06-10
188192,U33043,N42767,Like,2024-11-15
188193,U33043,N8306,Dislike,2024-03-24
188194,U33043,N50055,Comment,2024-08-04
188195,U33043,N61233,Viewed,2024-06-20
188196,U33043,N60975,Like,2024-04-24
188197,U33043,N31958,Like,2024-06-09
188198,U33043,N36779,Comment,2024-01-24
188199,U33043,N36940,Dislike,2024-01-09
188200,U33043,N11930,Comment,2024-12-01
188201,U33043,N5940,Dislike,2024-05-20
188202,U33043,N12446,Report,2024-08-28
188203,U33043,N63913,Report,2024-09-19
188204,U33043,N36786,Dislike,2024-06-08
188205,U33043,N60939,Comment,2024-07-08
188206,U33043,N13556,Like,2024-09-11
188207,U33043,N15719,Comment,2024-05-27
188208,U33043,N30290,Viewed,2024-11-26
188209,U33043,N2960,Comment,2024-04-20
188210,U33043,N27057,Like,2024-03-20
188211,U33043,N63421,Report,2024-12-15
188212,U33043,N61811,Share,2024-06-07
188213,U33043,N6916,Report,2024-05-27
188214,U33043,N9284,Comment,2024-07-13
188215,U33043,N41934,Dislike,2024-10-02
188216,U33043,N29490,Report,2024-09-07
188217,U33043,N46917,Share,2024-02-09
188218,U33043,N36931,Report,2024-07-19
188219,U33043,N37204,Report,2024-02-06
191161,U54820,N56254,Viewed,2024-03-16
191162,U54820,N26560,Share,2024-10-14
191163,U54820,N8277,Share,2024-04-07
191164,U54820,N28240,Share,2024-05-19
191165,U54820,N42416,Report,2024-01-11
191166,U54820,N36779,Comment,2024-05-31
191167,U54820,N20036,Share,2024-02-06
195505,U75794,N15185,Report,2024-03-17
195506,U75794,N23377,Like,2024-08-28
195507,U75794,N36027,Like,2024-09-20
195508,U75794,N41226,Report,2024-11-21
195509,U75794,N26815,Dislike,2024-08-24
195510,U75794,N31958,Comment,2024-05-14
195511,U75794,N19990,Report,2024-04-12
195514,U75794,N36779,Comment,2024-07-07
195515,U75794,N30290,Dislike,2024-12-05
195516,U75794,N53572,Share,2024-05-27
195517,U75794,N49285,Report,2024-12-04
195518,U75794,N20036,Dislike,2024-01-11
196445,U1350,N58504,Report,2024-07-23
196446,U1350,N46917,Like,2024-06-20
196447,U1350,N36779,Share,2024-01-08
196449,U1350,N31958,Share,2024-12-09
196450,U1350,N36940,Viewed,2024-05-20
196451,U1350,N13556,Viewed,2024-08-18
196452,U1350,N20036,Viewed,2024-05-28
196453,U1350,N50055,Share,2024-03-06
196454,U1350,N19685,Dislike,2024-09-07
196455,U1350,N63421,Report,2024-07-09
196457,U1350,N2960,Dislike,2024-06-08
196458,U1350,N5940,Dislike,2024-08-15
196459,U1350,N36786,Viewed,2024-07-14
196460,U1350,N6916,Report,2024-09-05
196461,U1350,N30290,Viewed,2024-08-05
196462,U1350,N48487,Viewed,2024-04-26
196464,U1350,N53242,Viewed,2024-03-13
196465,U1350,N42767,Viewed,2024-06-18
200524,U10278,N17166,Share,2024-06-26
200525,U10278,N12320,Share,2024-08-10
200526,U10278,N23692,Report,2024-10-17
200527,U10278,N20036,Share,2024-11-06
200528,U10278,N13270,Dislike,2024-06-06
200529,U10278,N41946,Comment,2024-11-17
200531,U10278,N40299,Share,2024-05-03
200535,U10278,N36779,Dislike,2024-07-17
200536,U10278,N31958,Viewed,2024-10-24
200537,U10278,N11930,Viewed,2024-04-08
200538,U10278,N19611,Report,2024-04-29
204315,U32173,N51240,Comment,2024-01-31
204316,U32173,N65201,Report,2024-08-18
204317,U32173,N5252,Share,2024-08-01
204318,U32173,N57967,Dislike,2024-09-26
204319,U32173,N44796,Dislike,2024-12-16
204321,U32173,N306,Share,2024-07-14
204322,U32173,N23614,Report,2024-07-28
204323,U32173,N20575,Report,2024-01-21
204324,U32173,N6218,Viewed,2024-07-15
204326,U32173,N29862,Dislike,2024-09-20
204327,U32173,N19990,Report,2024-03-20
204328,U32173,N31958,Comment,2024-03-15
204330,U32173,N62365,Like,2024-10-14
204331,U32173,N34130,Like,2024-09-17
204332,U32173,N49285,Report,2024-04-16
204333,U32173,N6400,Report,2024-08-16
204334,U32173,N50775,Dislike,2024-08-13
204336,U32173,N53572,Like,2024-06-10
204339,U32173,N48740,Share,2024-06-18
214948,U43685,N19620,Report,2024-02-02
214949,U43685,N44559,Share,2024-04-15
214950,U43685,N7422,Viewed,2024-11-20
214951,U43685,N55951,Comment,2024-11-05
214952,U43685,N56486,Comment,2024-11-01
214953,U43685,N46392,Dislike,2024-02-24
214954,U43685,N51692,Like,2024-06-22
214955,U43685,N40716,Report,2024-09-07
214956,U43685,N55743,Dislike,2024-08-12
214957,U43685,N34287,Like,2024-04-26
214958,U43685,N33096,Comment,2024-01-28
214959,U43685,N49285,Report,2024-08-09
214960,U43685,N5940,Comment,2024-01-31
214962,U43685,N53572,Dislike,2024-03-18
214963,U43685,N48740,Like,2024-07-24
214965,U43685,N62365,Dislike,2024-05-03
214966,U43685,N19990,Report,2024-06-22
214968,U43685,N6916,Report,2024-09-22
214969,U43685,N34130,Like,2024-03-26
214971,U43685,N42844,Report,2024-07-08
214972,U43685,N31958,Like,2024-01-24
214973,U43685,N6400,Report,2024-07-08
214975,U43685,N29862,Viewed,2024-03-01
223133,U67185,N60671,Dislike,2024-11-09
223134,U67185,N45314,Report,2024-11-12
223135,U67185,N19594,Comment,2024-11-15
223141,U67185,N33507,Comment,2024-05-17
223142,U67185,N13887,Dislike,2024-02-08
223145,U67185,N32986,Report,2024-08-19
223146,U67185,N5507,Share,2024-12-07
223147,U67185,N60675,Share,2024-12-13
223149,U67185,N7247,Dislike,2024-06-23
223150,U67185,N20136,Like,2024-01-30
223151,U67185,N59933,Report,2024-09-23
223152,U67185,N6950,Report,2024-05-12
223154,U67185,N42180,Dislike,2024-11-14
223157,U67185,N3168,Dislike,2024-08-03
223158,U67185,N60724,Viewed,2024-07-22
223159,U67185,N4733,Dislike,2024-04-30
223161,U67185,N46749,Like,2024-06-05
226368,U31320,N23094,Viewed,2024-12-02
226369,U31320,N58391,Comment,2024-04-09
226370,U31320,N28963,Report,2024-08-17
226371,U31320,N20036,Share,2024-05-26
226372,U31320,N36779,Dislike,2024-07-08
226374,U31320,N31958,Share,2024-03-23
226377,U31320,N49285,Report,2024-08-16
232519,U4854,N11512,Share,2024-10-05
232520,U4854,N18870,Dislike,2024-06-21
232521,U4854,N54005,Report,2024-07-09
232522,U4854,N7642,Viewed,2024-08-01
232523,U4854,N53572,Share,2024-10-31
232524,U4854,N31958,Like,2024-09-24
232525,U4854,N62365,Dislike,2024-11-08
232526,U4854,N20036,Share,2024-06-22
232527,U4854,N36779,Share,2024-06-30
232531,U4854,N50775,Comment,2024-06-18
232532,U4854,N30290,Like,2024-05-04
232533,U4854,N49285,Report,2024-03-22
233252,U69020,N27448,Viewed,2024-03-01
233253,U69020,N2203,Like,2024-01-29
233254,U69020,N37047,Dislike,2024-04-11
233255,U69020,N51396,Report,2024-01-23
233256,U69020,N4593,Report,2024-05-07
233257,U69020,N52536,Viewed,2024-06-06
233258,U69020,N54225,Share,2024-05-02
233259,U69020,N40640,Viewed,2024-05-10
233260,U69020,N14114,Viewed,2024-01-21
233261,U69020,N53572,Share,2024-11-23
233263,U69020,N31958,Like,2024-04-15
233265,U69020,N50775,Share,2024-06-02
233266,U69020,N52850,Share,2024-01-10
233267,U69020,N49285,Report,2024-08-19
233268,U69020,N20036,Comment,2024-07-19
233269,U69020,N37352,Viewed,2024-08-06
233270,U69020,N31141,Report,2024-03-07
236987,U48544,N44251,Dislike,2024-03-18
236988,U48544,N8587,Viewed,2024-03-08
236989,U48544,N619,Share,2024-07-01
236990,U48544,N26026,Viewed,2024-04-14
236991,U48544,N58264,Share,2024-05-26
236992,U48544,N48615,Viewed,2024-04-19
236993,U48544,N35710,Like,2024-02-19
236994,U48544,N31248,Comment,2024-07-11
236995,U48544,N42620,Dislike,2024-12-03
236998,U48544,N53572,Dislike,2024-12-18
236999,U48544,N20036,Comment,2024-02-12
237454,U22790,N27951,Dislike,2024-03-24
237455,U22790,N21749,Viewed,2024-04-26
237456,U22790,N55911,Comment,2024-07-11
237457,U22790,N40448,Like,2024-01-31
237458,U22790,N46846,Dislike,2024-02-01
237459,U22790,N48742,Viewed,2024-11-12
237460,U22790,N51705,Dislike,2024-09-08
237461,U22790,N19990,Report,2024-05-15
237462,U22790,N31958,Comment,2024-10-01
237465,U22790,N30290,Comment,2024-09-29
237466,U22790,N20036,Viewed,2024-01-05
237467,U22790,N36779,Dislike,2024-04-29
244892,U442,N30665,Report,2024-01-14
244893,U442,N10078,Dislike,2024-11-02
244894,U442,N12625,Report,2024-04-03
244895,U442,N42358,Dislike,2024-10-30
244896,U442,N306,Viewed,2024-09-06
244897,U442,N42137,Report,2024-07-29
244898,U442,N8549,Like,2024-01-19
244900,U442,N34130,Like,2024-04-30
244901,U442,N29862,Comment,2024-03-16
244902,U442,N31958,Share,2024-03-18
244904,U442,N6400,Report,2024-04-01
244905,U442,N53572,Dislike,2024-11-27
244906,U442,N48740,Like,2024-06-03
244908,U442,N62365,Viewed,2024-06-14
244911,U442,N49285,Report,2024-09-20
244912,U442,N19611,Report,2024-06-12
244913,U442,N6074,Share,2024-12-05
258993,U76993,N39117,Like,2024-07-16
258994,U76993,N59496,Report,2024-11-16
258995,U76993,N53531,Dislike,2024-03-23
258996,U76993,N46392,Dislike,2024-09-28
258997,U76993,N61388,Viewed,2024-07-28
258998,U76993,N55556,Like,2024-06-16
258999,U76993,N53572,Like,2024-01-02
259000,U76993,N37352,Dislike,2024-11-10
267214,U84314,N35009,Report,2024-06-10
267215,U84314,N55189,Viewed,2024-10-05
267216,U84314,N45729,Comment,2024-12-03
267217,U84314,N51692,Share,2024-09-28
267218,U84314,N28088,Dislike,2024-02-01
267219,U84314,N46846,Comment,2024-07-10
267220,U84314,N35369,Like,2024-04-07
267221,U84314,N54571,Comment,2024-12-13
267224,U84314,N49285,Report,2024-01-08
267226,U84314,N37352,Like,2024-01-12
267227,U84314,N11930,Like,2024-02-28
267229,U84314,N13408,Share,2024-03-18
267230,U84314,N36779,Viewed,2024-01-01
267232,U84314,N19990,Report,2024-04-07
267233,U84314,N6916,Report,2024-07-08
267234,U84314,N50775,Viewed,2024-06-30
267236,U84314,N42844,Report,2024-05-25
267237,U84314,N47383,Share,2024-07-01
267238,U84314,N53572,Comment,2024-05-18
267239,U84314,N58098,Dislike,2024-09-01
267240,U84314,N31958,Dislike,2024-11-24
267241,U84314,N30290,Share,2024-04-08
267242,U84314,N62365,Comment,2024-06-01
267243,U84314,N5940,Viewed,2024-05-28
268104,U48510,N5940,Share,2024-07-09
268105,U48510,N19990,Report,2024-01-24
268106,U48510,N30290,Share,2024-05-12
268107,U48510,N20036,Comment,2024-05-15
268110,U48510,N31958,Share,2024-03-02
274467,U76733,N21383,Report,2024-07-10
274468,U76733,N27448,Viewed,2024-09-12
274469,U76733,N986,Like,2024-09-30
274470,U76733,N20997,Report,2024-12-07
274471,U76733,N12494,Dislike,2024-03-17
274472,U76733,N14185,Report,2024-11-11
274473,U76733,N47954,Report,2024-08-06
274474,U76733,N21378,Viewed,2024-04-27
274475,U76733,N59704,Comment,2024-08-31
274476,U76733,N63003,Dislike,2024-09-21
274477,U76733,N53880,Like,2024-09-13
274478,U76733,N17680,Share,2024-03-15
274479,U76733,N264,Comment,2024-08-07
274480,U76733,N55166,Report,2024-01-03
274481,U76733,N43142,Report,2024-06-12
274482,U76733,N41375,Share,2024-04-03
274483,U76733,N4607,Report,2024-06-29
274484,U76733,N15676,Viewed,2024-06-16
274485,U76733,N53572,Like,2024-06-05
274487,U76733,N47383,Like,2024-03-07
274489,U76733,N34130,Dislike,2024-07-09
274490,U76733,N31958,Comment,2024-12-06
274491,U76733,N29862,Share,2024-03-01
274492,U76733,N50775,Comment,2024-11-06
277753,U3633,N56207,Report,2024-04-30
277754,U3633,N47671,Viewed,2024-07-17
277755,U3633,N7179,Share,2024-10-19
277756,U3633,N64319,Viewed,2024-08-05
277757,U3633,N6655,Report,2024-04-09
277758,U3633,N47186,Report,2024-11-19
277759,U3633,N57908,Report,2024-10-24
277760,U3633,N48578,Viewed,2024-07-24
277761,U3633,N60675,Share,2024-11-14
277762,U3633,N46749,Like,2024-08-17
277764,U3633,N19611,Report,2024-03-15
277765,U3633,N53572,Comment,2024-07-04
277766,U3633,N62365,Like,2024-10-25
277767,U3633,N6074,Comment,2024-11-07
277769,U3633,N6950,Report,2024-09-20
277774,U3633,N29862,Viewed,2024-08-30
277775,U3633,N1952,Report,2024-06-27
277776,U3633,N45057,Report,2024-03-18
277777,U3633,N7618,Share,2024-01-03
277780,U3633,N11930,Dislike,2024-10-17
277784,U3633,N27057,Like,2024-02-09
277785,U3633,N6916,Report,2024-05-20
282094,U76400,N26176,Share,2024-08-08
282095,U76400,N5445,Report,2024-01-07
282096,U76400,N54225,Viewed,2024-08-23
282097,U76400,N63779,Dislike,2024-07-04
282098,U76400,N25079,Comment,2024-09-28
282099,U76400,N4607,Report,2024-07-26
282100,U76400,N53037,Dislike,2024-03-05
282101,U76400,N20036,Like,2024-01-20
282103,U76400,N36779,Dislike,2024-04-05
282459,U24192,N28128,Dislike,2024-08-26
282460,U24192,N12349,Report,2024-05-12
282461,U24192,N9797,Like,2024-01-07
282462,U24192,N53907,Dislike,2024-04-03
282464,U24192,N31958,Like,2024-03-08
282467,U24192,N6400,Report,2024-11-15
282468,U24192,N53572,Comment,2024-07-29
282471,U24192,N6074,Viewed,2024-01-15
282472,U24192,N48740,Comment,2024-12-15
282473,U24192,N19611,Report,2024-06-14
282474,U24192,N29862,Dislike,2024-01-23
283711,U34437,N5290,Comment,2024-11-02
283712,U34437,N10779,Dislike,2024-05-04
283713,U34437,N3491,Comment,2024-02-12
283714,U34437,N36779,Like,2024-02-13
283715,U34437,N62365,Comment,2024-09-07
283716,U34437,N50775,Dislike,2024-01-25
283717,U34437,N5940,Share,2024-07-23
283718,U34437,N31958,Dislike,2024-03-26
283719,U34437,N5051,Report,2024-09-06
283721,U34437,N59761,Report,2024-03-20
283722,U34437,N37352,Like,2024-07-28
283723,U34437,N63415,Dislike,2024-05-17
283724,U34437,N34190,Like,2024-04-25
283725,U34437,N61811,Dislike,2024-10-23
283726,U34437,N42844,Report,2024-11-11
283727,U34437,N49285,Report,2024-05-01
283728,U34437,N11930,Comment,2024-12-03
283729,U34437,N53572,Like,2024-05-16
283730,U34437,N60186,Comment,2024-03-25
283732,U34437,N47383,Comment,2024-07-17
283733,U34437,N7993,Dislike,2024-11-27
283734,U34437,N7419,Report,2024-10-28
283735,U34437,N31141,Report,2024-04-08
283736,U34437,N58098,Viewed,2024-03-26
283737,U34437,N19990,Report,2024-06-11
283739,U34437,N13408,Viewed,2024-08-14
283740,U34437,N6916,Report,2024-09-07
283741,U34437,N30290,Like,2024-05-24
283743,U34437,N65145,Viewed,2024-02-14
283744,U34437,N4331,Like,2024-04-19
285654,U38993,N60615,Comment,2024-11-11
285655,U38993,N44013,Viewed,2024-01-30
285656,U38993,N35184,Report,2024-12-03
285657,U38993,N43709,Like,2024-09-21
285658,U38993,N57738,Report,2024-06-05
285659,U38993,N51238,Viewed,2024-04-08
285665,U38993,N11930,Like,2024-08-31
285673,U38993,N7618,Viewed,2024-05-02
285675,U38993,N3168,Share,2024-08-22
285676,U38993,N29862,Dislike,2024-10-06
285677,U38993,N60675,Like,2024-03-12
285681,U38993,N53572,Like,2024-10-27
285682,U38993,N60215,Report,2024-04-13
285683,U38993,N13887,Comment,2024-07-26
285684,U38993,N46749,Share,2024-11-20
291796,U19519,N54827,Viewed,2024-04-09
291797,U19519,N54536,Report,2024-01-28
291798,U19519,N64273,Report,2024-08-05
291799,U19519,N28257,Viewed,2024-10-14
291800,U19519,N50775,Share,2024-09-21
291801,U19519,N53572,Dislike,2024-09-15
291803,U19519,N29862,Dislike,2024-06-28
291804,U19519,N6400,Report,2024-05-29
291805,U19519,N47383,Like,2024-05-27
291806,U19519,N31958,Comment,2024-11-08
293351,U26889,N20745,Like,2024-09-03
293352,U26889,N11291,Dislike,2024-05-19
293353,U26889,N356,Like,2024-11-08
293354,U26889,N27907,Viewed,2024-06-28
293355,U26889,N41899,Report,2024-05-03
293356,U26889,N13137,Dislike,2024-03-25
293357,U26889,N51299,Like,2024-10-12
293358,U26889,N57551,Report,2024-09-07
293359,U26889,N17070,Share,2024-12-12
293360,U26889,N6484,Report,2024-01-24
293361,U26889,N13057,Share,2024-09-06
293362,U26889,N37304,Share,2024-09-29
293364,U26889,N7889,Share,2024-06-11
293365,U26889,N12732,Share,2024-04-28
293366,U26889,N16043,Like,2024-04-09
293367,U26889,N36779,Dislike,2024-02-29
293368,U26889,N53572,Comment,2024-10-16
293369,U26889,N30290,Viewed,2024-03-18
293371,U26889,N50775,Dislike,2024-03-28
293372,U26889,N31958,Like,2024-10-14
293374,U26889,N37352,Viewed,2024-08-22
293376,U26889,N62365,Dislike,2024-01-03
293377,U26889,N49285,Report,2024-09-27
306393,U23646,N55189,Comment,2024-04-03
306394,U23646,N45729,Viewed,2024-01-17
306395,U23646,N56778,Comment,2024-03-21
306396,U23646,N59704,Viewed,2024-01-30
306397,U23646,N42726,Comment,2024-05-27
306398,U23646,N28058,Report,2024-11-09
306399,U23646,N55743,Share,2024-01-03
306400,U23646,N13374,Dislike,2024-02-05
306402,U23646,N8258,Viewed,2024-04-08
306403,U23646,N4607,Report,2024-02-06
306404,U23646,N37091,Viewed,2024-04-22
306405,U23646,N30290,Dislike,2024-04-26
306406,U23646,N62365,Viewed,2024-08-18
306408,U23646,N53572,Viewed,2024-05-21
306409,U23646,N50775,Like,2024-12-04
306410,U23646,N31958,Share,2024-08-26
306411,U23646,N19990,Report,2024-06-24
306413,U23646,N20036,Like,2024-09-13
306414,U23646,N36779,Share,2024-03-02
306415,U23646,N42844,Report,2024-02-08
306417,U23646,N49285,Report,2024-02-21
306418,U23646,N5940,Viewed,2024-03-21
309494,U55074,N7432,Report,2024-10-18
309495,U55074,N55468,Comment,2024-08-20
309496,U55074,N29177,Viewed,2024-10-29
309497,U55074,N62429,Comment,2024-09-11
309498,U55074,N20344,Dislike,2024-01-17
309499,U55074,N55189,Dislike,2024-10-31
309500,U55074,N995,Viewed,2024-08-23
309501,U55074,N6156,Report,2024-04-14
309502,U55074,N13137,Comment,2024-01-27
309503,U55074,N48544,Comment,2024-12-09
309504,U55074,N36792,Like,2024-01-24
309505,U55074,N46392,Share,2024-08-23
309506,U55074,N45794,Report,2024-06-27
309507,U55074,N59704,Comment,2024-03-07
309508,U55074,N50752,Viewed,2024-02-21
309509,U55074,N1453,Dislike,2024-01-08
309510,U55074,N35022,Viewed,2024-10-27
309511,U55074,N59691,Like,2024-11-30
309512,U55074,N8507,Comment,2024-06-05
309513,U55074,N13925,Report,2024-03-20
309514,U55074,N61388,Comment,2024-05-02
309515,U55074,N55743,Comment,2024-07-21
309516,U55074,N11745,Report,2024-06-25
309517,U55074,N13374,Like,2024-06-10
309518,U55074,N34287,Comment,2024-01-25
309519,U55074,N51491,Dislike,2024-10-17
309520,U55074,N306,Share,2024-09-30
309521,U55074,N20036,Like,2024-01-26
309522,U55074,N36779,Viewed,2024-09-26
312631,U58260,N32874,Like,2024-05-19
312632,U58260,N14888,Dislike,2024-02-09
312633,U58260,N53275,Dislike,2024-04-30
312635,U58260,N30290,Dislike,2024-04-30
312636,U58260,N19990,Report,2024-03-11
312638,U58260,N31958,Comment,2024-09-30
312639,U58260,N20036,Viewed,2024-12-04
312640,U58260,N36779,Viewed,2024-04-12
313996,U53823,N50370,Report,2024-09-05
313997,U53823,N14318,Share,2024-08-31
313998,U53823,N8258,Viewed,2024-09-20
313999,U53823,N42767,Dislike,2024-04-04
314000,U53823,N36779,Viewed,2024-04-03
314001,U53823,N36940,Viewed,2024-06-16
314002,U53823,N20036,Like,2024-06-09
334806,U56995,N43688,Dislike,2024-07-12
334807,U56995,N28324,Viewed,2024-12-18
334808,U56995,N1774,Viewed,2024-05-31
334809,U56995,N16120,Like,2024-03-17
334812,U56995,N8114,Comment,2024-12-06
334813,U56995,N57007,Like,2024-05-22
334814,U56995,N43277,Dislike,2024-02-02
334815,U56995,N21710,Report,2024-04-10
334818,U56995,N496,Like,2024-04-08
334821,U56995,N16344,Report,2024-07-07
334822,U56995,N7993,Share,2024-09-14
344123,U11534,N32089,Viewed,2024-04-11
344124,U11534,N40716,Report,2024-02-22
344125,U11534,N61388,Comment,2024-08-18
344126,U11534,N63411,Comment,2024-02-22
344128,U11534,N14637,Like,2024-08-20
344129,U11534,N20036,Like,2024-01-31
344130,U11534,N48487,Share,2024-03-06
344131,U11534,N57327,Viewed,2024-11-18
344132,U11534,N3168,Comment,2024-04-14
344133,U11534,N19685,Share,2024-01-28
344134,U11534,N5940,Viewed,2024-08-05
344135,U11534,N20187,Report,2024-07-04
344136,U11534,N38556,Dislike,2024-03-18
344138,U11534,N49505,Viewed,2024-05-08
344139,U11534,N60939,Like,2024-09-12
344140,U11534,N6916,Report,2024-06-26
344141,U11534,N6638,Viewed,2024-09-05
344142,U11534,N41946,Dislike,2024-01-12
344144,U11534,N31958,Dislike,2024-04-19
344145,U11534,N36779,Viewed,2024-05-14
344147,U11534,N35216,Like,2024-03-24
344148,U11534,N36940,Dislike,2024-08-13
344149,U11534,N30290,Dislike,2024-04-20
344150,U11534,N13556,Comment,2024-09-11
344151,U11534,N46976,Dislike,2024-07-25
344152,U11534,N36786,Share,2024-01-04
344153,U11534,N53242,Viewed,2024-07-21
344154,U11534,N1878,Comment,2024-08-12
344155,U11534,N11930,Viewed,2024-10-15
344156,U11534,N23535,Share,2024-03-15
351208,U55742,N27448,Like,2024-06-22
351209,U55742,N17050,Report,2024-10-11
351210,U55742,N306,Share,2024-12-11
351211,U55742,N55556,Like,2024-04-23
351212,U55742,N53572,Comment,2024-07-18
351215,U55742,N50775,Share,2024-05-06
351216,U55742,N37352,Viewed,2024-01-30
353644,U9487,N29597,Share,2024-07-04
353645,U9487,N42458,Report,2024-03-15
353646,U9487,N20057,Share,2024-01-05
353647,U9487,N12349,Report,2024-09-14
353648,U9487,N19990,Report,2024-01-20
353650,U9487,N19611,Report,2024-04-01
353651,U9487,N20036,Like,2024-02-13
353652,U9487,N30290,Share,2024-05-05
353653,U9487,N31958,Viewed,2024-11-24
353655,U9487,N36779,Viewed,2024-06-10
353656,U9487,N46976,Like,2024-07-23
353658,U9487,N6638,Comment,2024-11-05
353660,U9487,N5940,Share,2024-10-03
353661,U9487,N53283,Viewed,2024-05-08
354561,U52036,N19615,Share,2024-06-25
354562,U52036,N13710,Dislike,2024-04-06
354563,U52036,N44423,Viewed,2024-02-24
354565,U52036,N15194,Comment,2024-03-19
354566,U52036,N20036,Dislike,2024-04-06
354567,U52036,N36779,Comment,2024-12-12
361041,U72889,N22831,Share,2024-01-17
361042,U72889,N12841,Comment,2024-08-09
361044,U72889,N42603,Report,2024-07-28
361045,U72889,N27911,Viewed,2024-05-10
361046,U72889,N28237,Like,2024-04-25
361047,U72889,N29453,Dislike,2024-08-07
361048,U72889,N3365,Like,2024-08-13
361049,U72889,N17419,Report,2024-02-11
361050,U72889,N48564,Share,2024-02-07
361051,U72889,N26510,Dislike,2024-12-15
361052,U72889,N57804,Dislike,2024-10-07
361053,U72889,N27742,Share,2024-11-14
361054,U72889,N8455,Report,2024-09-23
361055,U72889,N53687,Dislike,2024-08-17
361056,U72889,N45523,Like,2024-04-26
361057,U72889,N31289,Like,2024-08-09
361058,U72889,N29363,Comment,2024-12-09
361059,U72889,N7330,Report,2024-03-22
361079,U57088,N30344,Share,2024-07-12
361080,U57088,N33683,Share,2024-01-24
361081,U57088,N2203,Dislike,2024-06-05
361082,U57088,N20216,Share,2024-10-26
361083,U57088,N57134,Comment,2024-01-29
361084,U57088,N10235,Viewed,2024-07-01
361085,U57088,N57737,Report,2024-09-08
361086,U57088,N39117,Viewed,2024-10-14
361087,U57088,N57524,Report,2024-01-17
361088,U57088,N24691,Like,2024-02-21
361089,U57088,N11177,Share,2024-04-13
361090,U57088,N55326,Comment,2024-05-15
361091,U57088,N16636,Report,2024-12-15
361092,U57088,N13137,Comment,2024-02-09
361093,U57088,N25302,Share,2024-12-03
361094,U57088,N28053,Share,2024-11-22
361095,U57088,N35022,Like,2024-05-28
361096,U57088,N36019,Share,2024-11-11
361097,U57088,N56390,Viewed,2024-08-26
361098,U57088,N22161,Viewed,2024-03-22
361099,U57088,N13957,Report,2024-02-28
361100,U57088,N10414,Report,2024-07-31
361101,U57088,N619,Share,2024-03-25
361102,U57088,N38621,Share,2024-09-22
361104,U57088,N24591,Dislike,2024-02-14
361105,U57088,N53895,Report,2024-11-28
361106,U57088,N4607,Report,2024-11-24
361107,U57088,N34842,Like,2024-08-14
361108,U57088,N8148,Viewed,2024-11-25
361109,U57088,N31371,Like,2024-09-18
361110,U57088,N36779,Share,2024-06-03
361111,U57088,N20036,Viewed,2024-04-11
361113,U57088,N35216,Dislike,2024-11-26
366298,U69020,N27448,Comment,2024-10-30
366299,U69020,N2203,Like,2024-01-29
366300,U69020,N37047,Comment,2024-06-14
366301,U69020,N51396,Report,2024-03-11
366302,U69020,N4593,Report,2024-06-21
366303,U69020,N52536,Share,2024-04-07
366304,U69020,N54225,Comment,2024-03-16
366305,U69020,N40640,Like,2024-05-26
366306,U69020,N14114,Dislike,2024-02-22
366307,U69020,N29862,Viewed,2024-06-14
366308,U69020,N53572,Share,2024-10-02
373180,U48544,N44251,Like,2024-11-06
373181,U48544,N8587,Like,2024-05-15
373182,U48544,N619,Share,2024-09-22
373183,U48544,N26026,Viewed,2024-11-30
373184,U48544,N58264,Dislike,2024-01-13
373185,U48544,N48615,Like,2024-04-08
373186,U48544,N35710,Comment,2024-03-18
373187,U48544,N31248,Dislike,2024-05-06
373188,U48544,N42620,Dislike,2024-11-29
373190,U48544,N46976,Dislike,2024-01-24
373191,U48544,N19990,Report,2024-04-30
373192,U48544,N50775,Like,2024-04-01
373193,U48544,N5940,Share,2024-05-21
373195,U48544,N30290,Viewed,2024-06-02
373196,U48544,N36779,Like,2024-09-20
373197,U48544,N53283,Comment,2024-08-08
373199,U48544,N31958,Like,2024-11-21
373200,U48544,N20036,Dislike,2024-09-06
373201,U48544,N49285,Report,2024-08-14
375799,U30041,N42458,Report,2024-01-27
375800,U30041,N871,Viewed,2024-10-16
375801,U30041,N4020,Report,2024-05-28
375802,U30041,N56447,Viewed,2024-03-04
375803,U30041,N51706,Dislike,2024-11-23
375804,U30041,N56778,Viewed,2024-04-18
375805,U30041,N18094,Like,2024-12-09
375806,U30041,N30974,Share,2024-01-17
375807,U30041,N21019,Share,2024-10-07
375808,U30041,N22816,Share,2024-08-07
375809,U30041,N15676,Like,2024-07-03
375814,U30041,N5940,Comment,2024-09-08
375815,U30041,N48740,Dislike,2024-09-09
375817,U30041,N62365,Comment,2024-01-08
375818,U30041,N6400,Report,2024-08-04
375820,U30041,N53572,Viewed,2024-01-04
375822,U30041,N49285,Report,2024-10-22
375823,U30041,N42844,Report,2024-04-08
375824,U30041,N34130,Share,2024-04-15
375826,U30041,N19990,Report,2024-04-07
375828,U30041,N29862,Like,2024-07-16
375829,U30041,N31958,Dislike,2024-11-08
375830,U30041,N58098,Share,2024-06-27
375831,U30041,N6916,Report,2024-08-09
376864,U93646,N1729,Viewed,2024-01-12
376865,U93646,N40406,Report,2024-12-03
376866,U93646,N55667,Like,2024-09-21
376867,U93646,N22129,Report,2024-07-29
376868,U93646,N29854,Viewed,2024-04-25
376869,U93646,N29862,Dislike,2024-02-07
376870,U93646,N38311,Report,2024-01-17
376872,U93646,N6400,Report,2024-08-25
376873,U93646,N35861,Viewed,2024-01-21
376874,U93646,N40982,Report,2024-11-04
376875,U93646,N11930,Share,2024-01-09
376876,U93646,N56969,Dislike,2024-05-07
376877,U93646,N53572,Like,2024-11-19
376879,U93646,N14478,Dislike,2024-04-17
376881,U93646,N50775,Viewed,2024-11-10
376885,U93646,N65145,Like,2024-11-23
381478,U50657,N22644,Like,2024-04-21
381479,U50657,N61704,Report,2024-11-04
381480,U50657,N33969,Viewed,2024-04-01
381481,U50657,N42526,Viewed,2024-09-27
381482,U50657,N46392,Viewed,2024-03-16
381483,U50657,N39627,Dislike,2024-02-29
381484,U50657,N42620,Dislike,2024-07-31
381485,U50657,N25885,Dislike,2024-07-08
381486,U50657,N57011,Report,2024-11-28
381487,U50657,N36779,Share,2024-03-22
381489,U50657,N6916,Report,2024-07-13
381490,U50657,N36940,Share,2024-11-07
381491,U50657,N46976,Dislike,2024-07-23
381492,U50657,N6638,Like,2024-05-05
381493,U50657,N20036,Like,2024-11-30
381494,U50657,N42844,Report,2024-07-19
381495,U50657,N13408,Dislike,2024-04-19
381496,U50657,N5940,Viewed,2024-03-23
381498,U50657,N30290,Viewed,2024-02-29
381499,U50657,N20187,Report,2024-11-30
381500,U50657,N53283,Dislike,2024-12-18
381501,U50657,N58098,Share,2024-12-05
381502,U50657,N36786,Like,2024-05-26
381503,U50657,N19990,Report,2024-07-09
381504,U50657,N31958,Viewed,2024-02-03
384874,U89649,N25691,Like,2024-07-18
384875,U89649,N26136,Comment,2024-06-11
384876,U89649,N63650,Share,2024-08-09
384877,U89649,N3046,Like,2024-08-19
384878,U89649,N9824,Share,2024-01-15
384879,U89649,N16233,Share,2024-09-29
384880,U89649,N36759,Viewed,2024-12-12
384881,U89649,N60340,Report,2024-02-19
384882,U89649,N61388,Viewed,2024-08-16
384883,U89649,N44796,Viewed,2024-04-01
384884,U89649,N619,Like,2024-11-18
384885,U89649,N47966,Comment,2024-08-17
384886,U89649,N41797,Viewed,2024-11-11
384887,U89649,N11855,Comment,2024-02-29
384888,U89649,N14318,Like,2024-09-26
384889,U89649,N18870,Share,2024-11-26
384890,U89649,N20575,Report,2024-01-06
384891,U89649,N5940,Viewed,2024-08-22
384892,U89649,N46917,Comment,2024-05-05
384893,U89649,N19685,Comment,2024-03-21
384894,U89649,N36779,Viewed,2024-11-18
384896,U89649,N31958,Comment,2024-03-01
384898,U89649,N20036,Viewed,2024-12-11
384899,U89649,N53242,Dislike,2024-04-09
384901,U89649,N30290,Share,2024-08-07
387185,U39551,N55846,Like,2024-01-12
387186,U39551,N51305,Share,2024-12-03
387187,U39551,N50328,Report,2024-05-14
387188,U39551,N21202,Share,2024-10-09
387189,U39551,N4285,Report,2024-03-04
387190,U39551,N30737,Report,2024-12-07
387191,U39551,N13912,Report,2024-12-03
387192,U39551,N23539,Share,2024-05-08
387193,U39551,N64467,Like,2024-11-30
387194,U39551,N7172,Viewed,2024-10-03
387195,U39551,N63779,Like,2024-03-06
387196,U39551,N38256,Share,2024-05-30
387201,U39551,N53572,Comment,2024-08-14
387205,U39551,N60215,Report,2024-09-15
387210,U39551,N13887,Like,2024-05-28
387212,U39551,N29862,Like,2024-02-21
390655,U40490,N29976,Report,2024-09-06
390656,U40490,N848,Report,2024-01-10
390657,U40490,N61196,Report,2024-08-25
390658,U40490,N39737,Comment,2024-05-22
390659,U40490,N29358,Report,2024-11-28
390660,U40490,N47406,Share,2024-01-02
390661,U40490,N53422,Report,2024-01-23
390662,U40490,N14761,Share,2024-12-11
390663,U40490,N13636,Dislike,2024-02-06
390664,U40490,N37509,Report,2024-07-06
390665,U40490,N36779,Dislike,2024-04-18
390666,U40490,N30290,Like,2024-11-14
390668,U40490,N31958,Like,2024-06-07
390669,U40490,N36940,Viewed,2024-04-25
390670,U40490,N20036,Share,2024-08-23
390672,U40490,N46917,Dislike,2024-11-08
390673,U40490,N42767,Comment,2024-04-23
390674,U40490,N19685,Viewed,2024-04-01
390675,U40490,N5940,Dislike,2024-01-19
390676,U40490,N60939,Dislike,2024-12-12
396939,U23759,N32483,Viewed,2024-09-29
396940,U23759,N38298,Like,2024-07-07
396941,U23759,N4593,Report,2024-12-04
396942,U23759,N5978,Report,2024-12-04
396943,U23759,N20078,Report,2024-10-05
396944,U23759,N46357,Comment,2024-01-24
396945,U23759,N16349,Comment,2024-10-18
396946,U23759,N17878,Dislike,2024-04-02
396947,U23759,N64631,Like,2024-06-08
396948,U23759,N50019,Dislike,2024-03-05
396949,U23759,N23239,Dislike,2024-02-01
396950,U23759,N32004,Share,2024-11-17
396951,U23759,N8258,Like,2024-01-03
396952,U23759,N10560,Report,2024-02-26
396953,U23759,N5201,Comment,2024-07-03
396954,U23759,N37509,Report,2024-04-29
396955,U23759,N36796,Dislike,2024-04-01
396957,U23759,N42844,Report,2024-01-18
396958,U23759,N58098,Share,2024-09-21
396960,U23759,N41946,Viewed,2024-10-07
396961,U23759,N13408,Dislike,2024-08-13
396962,U23759,N46976,Share,2024-09-24
396964,U23759,N36779,Viewed,2024-05-10
396966,U23759,N11930,Dislike,2024-12-15
396967,U23759,N6638,Like,2024-09-11
396968,U23759,N36940,Dislike,2024-02-27
396969,U23759,N53283,Like,2024-07-12
396970,U23759,N6194,Report,2024-12-05
396971,U23759,N49285,Report,2024-03-05
396972,U23759,N6916,Report,2024-07-08
396973,U23759,N20036,Dislike,2024-09-23
396974,U23759,N31958,Comment,2024-04-18
410129,U17370,N19494,Report,2024-08-29
410130,U17370,N18275,Report,2024-01-13
410131,U17370,N25158,Share,2024-10-23
410132,U17370,N24579,Like,2024-01-04
410133,U17370,N21789,Report,2024-08-25
410134,U17370,N63411,Share,2024-10-12
410135,U17370,N21789,Report,2024-11-01
410136,U17370,N24578,Share,2024-03-16
410137,U17370,N43436,Share,2024-04-08
410138,U17370,N8143,Report,2024-02-18
410139,U17370,N15670,Report,2024-03-30
410140,U17370,N38310,Share,2024-02-03
410144,U17370,N61811,Viewed,2024-11-28
410147,U17370,N496,Viewed,2024-11-09
410149,U17370,N46749,Like,2024-02-25
410151,U17370,N29862,Viewed,2024-09-19
416305,U58557,N49023,Share,2024-11-29
416306,U58557,N61822,Viewed,2024-04-28
416307,U58557,N5710,Dislike,2024-07-02
416308,U58557,N2970,Report,2024-05-19
416310,U58557,N6218,Comment,2024-08-22
416311,U58557,N63854,Comment,2024-02-22
416312,U58557,N2155,Like,2024-07-16
416314,U58557,N7342,Share,2024-11-26
416315,U58557,N30290,Comment,2024-07-19
416316,U58557,N27738,Like,2024-02-06
416317,U58557,N52907,Dislike,2024-11-28
416318,U58557,N28072,Dislike,2024-01-06
416319,U58557,N20036,Dislike,2024-06-24
416320,U58557,N60799,Like,2024-01-18
416321,U58557,N11930,Comment,2024-09-17
416322,U58557,N16854,Like,2024-05-06
416323,U58557,N38235,Share,2024-11-03
424396,U494,N46622,Share,2024-03-21
424397,U494,N41456,Viewed,2024-05-02
424398,U494,N46811,Like,2024-07-15
424399,U494,N31025,Report,2024-09-30
424400,U494,N20036,Comment,2024-01-21
424401,U494,N36779,Comment,2024-04-19
440900,U85401,N55846,Share,2024-10-09
440901,U85401,N1150,Share,2024-06-19
440902,U85401,N56663,Share,2024-01-11
440903,U85401,N47347,Like,2024-03-15
440905,U85401,N19990,Report,2024-10-08
440906,U85401,N11930,Comment,2024-12-14
440907,U85401,N6916,Report,2024-11-25
440908,U85401,N58098,Dislike,2024-11-09
440909,U85401,N53572,Share,2024-02-04
440910,U85401,N13408,Share,2024-10-31
440911,U85401,N5940,Viewed,2024-03-16
440913,U85401,N42844,Report,2024-07-04
440914,U85401,N37352,Like,2024-04-20
440915,U85401,N20477,Viewed,2024-05-25
444806,U69009,N14340,Dislike,2024-11-07
444807,U69009,N44399,Like,2024-12-05
444808,U69009,N42373,Dislike,2024-03-26
444809,U69009,N43019,Share,2024-09-05
444810,U69009,N30290,Like,2024-03-26
444811,U69009,N36779,Comment,2024-01-20
444814,U69009,N31958,Like,2024-09-28
444815,U69009,N5940,Like,2024-07-30
445332,U1459,N35012,Viewed,2024-10-16
445333,U1459,N43671,Report,2024-11-03
445334,U1459,N20036,Share,2024-02-14
445336,U1459,N42767,Comment,2024-01-21
445337,U1459,N36779,Share,2024-11-24
446619,U17026,N7428,Dislike,2024-04-29
446620,U17026,N60895,Share,2024-01-01
446621,U17026,N63515,Comment,2024-03-26
446622,U17026,N41588,Report,2024-11-26
446623,U17026,N8448,Report,2024-08-24
446624,U17026,N43142,Report,2024-05-12
446625,U17026,N34661,Dislike,2024-01-27
446626,U17026,N8331,Report,2024-10-19
446627,U17026,N12844,Share,2024-09-30
446628,U17026,N5917,Viewed,2024-12-07
446629,U17026,N90,Comment,2024-05-22
446630,U17026,N48742,Viewed,2024-06-11
446631,U17026,N41976,Like,2024-10-26
446632,U17026,N53901,Report,2024-02-21
446633,U17026,N54536,Report,2024-11-05
446634,U17026,N16855,Like,2024-03-25
446635,U17026,N10359,Share,2024-02-13
446636,U17026,N54300,Viewed,2024-01-17
446637,U17026,N53572,Comment,2024-06-04
446639,U17026,N29862,Viewed,2024-06-02
452817,U44888,N18870,Share,2024-01-11
452818,U44888,N32004,Like,2024-10-02
452819,U44888,N90,Share,2024-01-24
452820,U44888,N15297,Report,2024-01-16
452821,U44888,N42596,Report,2024-08-23
452822,U44888,N37509,Report,2024-05-22
452823,U44888,N8148,Viewed,2024-08-28
452824,U44888,N39979,Like,2024-12-01
452827,U44888,N6400,Report,2024-04-13
452828,U44888,N6074,Comment,2024-04-12
452830,U44888,N29862,Comment,2024-05-14
452831,U44888,N53572,Dislike,2024-12-10
458775,U59981,N30249,Share,2024-10-06
458776,U59981,N39035,Like,2024-12-08
458777,U59981,N26915,Like,2024-10-18
458778,U59981,N27452,Viewed,2024-07-09
458779,U59981,N49972,Like,2024-09-19
458780,U59981,N21272,Comment,2024-01-20
458781,U59981,N24803,Dislike,2024-11-14
458782,U59981,N23336,Report,2024-06-08
458783,U59981,N44145,Viewed,2024-08-04
458784,U59981,N6471,Viewed,2024-01-07
458785,U59981,N22417,Viewed,2024-03-20
458786,U59981,N26488,Viewed,2024-01-15
460699,U78125,N13008,Comment,2024-05-13
460700,U78125,N10059,Share,2024-09-15
460701,U78125,N18030,Share,2024-04-04
460702,U78125,N55043,Like,2024-02-14
460703,U78125,N36786,Share,2024-09-22
460704,U78125,N46976,Dislike,2024-05-31
460706,U78125,N20187,Report,2024-01-05
460708,U78125,N36779,Like,2024-04-13
460709,U78125,N35216,Viewed,2024-02-06
460710,U78125,N5940,Viewed,2024-09-09
460711,U78125,N13408,Viewed,2024-10-14
460712,U78125,N6638,Viewed,2024-04-30
460713,U78125,N53242,Like,2024-07-06
460714,U78125,N42844,Report,2024-08-08
460715,U78125,N13556,Share,2024-05-11
460716,U78125,N31958,Viewed,2024-04-16
460717,U78125,N36940,Dislike,2024-12-02
460718,U78125,N30290,Comment,2024-08-18
460719,U78125,N20036,Dislike,2024-11-29
465043,U48510,N36779,Dislike,2024-11-05
465044,U48510,N35216,Share,2024-05-13
465046,U48510,N20036,Dislike,2024-10-12
465680,U64592,N20290,Share,2024-01-19
465681,U64592,N29177,Viewed,2024-12-12
465682,U64592,N12384,Like,2024-07-11
465683,U64592,N19829,Report,2024-04-05
465684,U64592,N55189,Comment,2024-04-21
465685,U64592,N871,Like,2024-01-27
465686,U64592,N53234,Like,2024-09-28
465687,U64592,N28296,Viewed,2024-03-01
465688,U64592,N7563,Like,2024-01-08
465689,U64592,N8561,Report,2024-06-06
465690,U64592,N28296,Dislike,2024-10-03
465691,U64592,N11177,Like,2024-06-02
465692,U64592,N46392,Comment,2024-06-26
465693,U64592,N59704,Like,2024-06-15
465694,U64592,N14947,Report,2024-10-09
465695,U64592,N16715,Dislike,2024-12-07
465696,U64592,N22519,Like,2024-01-19
465697,U64592,N63302,Share,2024-11-21
465698,U64592,N5742,Report,2024-02-19
465699,U64592,N38105,Report,2024-11-13
465700,U64592,N62058,Like,2024-06-12
465702,U64592,N49990,Dislike,2024-04-06
465703,U64592,N5940,Comment,2024-09-28
465704,U64592,N46976,Dislike,2024-10-16
465705,U64592,N36779,Viewed,2024-09-27
465706,U64592,N35216,Share,2024-09-22
465707,U64592,N6638,Viewed,2024-08-28
465708,U64592,N20036,Comment,2024-08-23
465709,U64592,N30290,Share,2024-11-01
465711,U64592,N31958,Dislike,2024-11-01
465712,U64592,N42844,Report,2024-10-02
465713,U64592,N13408,Viewed,2024-02-28
465714,U64592,N20187,Report,2024-08-17
465715,U64592,N36940,Share,2024-09-28
479832,U66352,N35022,Share,2024-06-29
479833,U66352,N28624,Like,2024-02-14
479834,U66352,N42128,Report,2024-10-17
479835,U66352,N1219,Report,2024-10-19
479836,U66352,N19495,Viewed,2024-06-19
479837,U66352,N50333,Viewed,2024-08-08
479839,U66352,N49285,Report,2024-07-25
479841,U66352,N48740,Comment,2024-12-09
479843,U66352,N19611,Report,2024-04-05
479844,U66352,N6400,Report,2024-07-24
479845,U66352,N53572,Viewed,2024-01-11
479846,U66352,N62365,Viewed,2024-07-18
479848,U66352,N27057,Share,2024-04-21
479849,U66352,N60215,Report,2024-10-17
479850,U66352,N6074,Viewed,2024-07-10
479851,U66352,N31958,Share,2024-11-04
479852,U66352,N11930,Like,2024-07-25
479855,U66352,N29862,Share,2024-07-16
479856,U66352,N6916,Report,2024-07-29
489242,U16351,N58401,Report,2024-02-25
489243,U16351,N18285,Report,2024-06-28
489244,U16351,N306,Comment,2024-10-09
489245,U16351,N19435,Comment,2024-08-09
489246,U16351,N3259,Report,2024-03-28
489248,U16351,N31958,Share,2024-06-22
489250,U16351,N36779,Dislike,2024-05-22
489251,U16351,N30290,Like,2024-05-28
489252,U16351,N20036,Comment,2024-03-18
489253,U16351,N19990,Report,2024-08-27
490660,U81400,N27927,Report,2024-11-11
490661,U81400,N44559,Share,2024-02-26
490662,U81400,N30974,Comment,2024-10-26
490664,U81400,N49285,Report,2024-05-20
490665,U81400,N20036,Comment,2024-05-24
490666,U81400,N19611,Report,2024-08-23
490667,U81400,N31958,Comment,2024-04-18
490669,U81400,N36779,Share,2024-05-18
492180,U31320,N23094,Share,2024-04-08
492181,U31320,N58391,Viewed,2024-02-19
492182,U31320,N28963,Report,2024-09-04
492183,U31320,N48487,Dislike,2024-05-30
492185,U31320,N36786,Like,2024-02-09
492186,U31320,N30290,Share,2024-09-27
492187,U31320,N57327,Like,2024-07-10
492188,U31320,N5940,Dislike,2024-04-06
492189,U31320,N42844,Report,2024-05-22
492190,U31320,N53242,Comment,2024-10-10
492191,U31320,N6638,Dislike,2024-12-04
492192,U31320,N36779,Share,2024-12-03
492193,U31320,N12320,Like,2024-08-26
492194,U31320,N13408,Comment,2024-02-28
492195,U31320,N3168,Viewed,2024-05-13
492196,U31320,N36940,Comment,2024-05-04
492197,U31320,N11930,Share,2024-08-24
492198,U31320,N13556,Dislike,2024-06-20
492200,U31320,N35216,Dislike,2024-10-24
492201,U31320,N41946,Comment,2024-09-21
492202,U31320,N20187,Report,2024-05-24
492204,U31320,N31958,Viewed,2024-12-13
492205,U31320,N11784,Like,2024-09-22
492206,U31320,N53615,Dislike,2024-05-25
492207,U31320,N46976,Like,2024-11-29
492208,U31320,N6916,Report,2024-08-03
492209,U31320,N20036,Viewed,2024-02-06
495542,U25748,N43187,Like,2024-03-21
495543,U25748,N39118,Report,2024-04-18
495544,U25748,N9855,Viewed,2024-09-11
495546,U25748,N49364,Report,2024-03-05
495547,U25748,N22310,Like,2024-03-26
495549,U25748,N16344,Report,2024-09-05
495550,U25748,N1539,Report,2024-02-01
495551,U25748,N39792,Report,2024-02-26
495552,U25748,N6638,Viewed,2024-08-31
495553,U25748,N37352,Viewed,2024-05-06
495554,U25748,N7993,Like,2024-04-23
495651,U38464,N40509,Share,2024-09-24
495652,U38464,N15676,Like,2024-05-26
495653,U38464,N13408,Comment,2024-03-23
495654,U38464,N5940,Share,2024-08-28
495655,U38464,N47383,Dislike,2024-07-19
495656,U38464,N31958,Comment,2024-09-18
495658,U38464,N30290,Comment,2024-08-06
495659,U38464,N19990,Report,2024-06-16
495660,U38464,N50775,Dislike,2024-06-21
495662,U38464,N53572,Share,2024-07-14
495663,U38464,N37352,Dislike,2024-04-24
495664,U38464,N36779,Like,2024-02-20
495666,U38464,N62365,Share,2024-05-12
495667,U38464,N49285,Report,2024-03-08
501715,U45530,N22185,Like,2024-06-07
501716,U45530,N55189,Dislike,2024-05-28
501717,U45530,N37264,Share,2024-02-06
501718,U45530,N50032,Report,2024-10-30
501719,U45530,N56447,Viewed,2024-03-27
501720,U45530,N56630,Viewed,2024-02-01
501721,U45530,N40716,Report,2024-05-13
501722,U45530,N1120,Report,2024-02-10
501723,U45530,N2218,Dislike,2024-03-07
501724,U45530,N40640,Like,2024-10-04
501725,U45530,N11020,Dislike,2024-04-26
501726,U45530,N53242,Share,2024-03-24
501727,U45530,N13556,Dislike,2024-03-13
501728,U45530,N31958,Comment,2024-10-06
501729,U45530,N36940,Dislike,2024-11-12
501730,U45530,N46976,Comment,2024-01-10
501731,U45530,N36786,Viewed,2024-10-30
501732,U45530,N5940,Viewed,2024-11-26
501733,U45530,N42844,Report,2024-01-12
501734,U45530,N30290,Dislike,2024-05-08
501735,U45530,N6638,Comment,2024-04-06
501736,U45530,N13408,Viewed,2024-02-26
501737,U45530,N20187,Report,2024-06-01
501739,U45530,N20036,Share,2024-02-21
501740,U45530,N36779,Comment,2024-11-13
501742,U45530,N35216,Viewed,2024-03-30
509470,U22123,N5978,Report,2024-11-01
509471,U22123,N28139,Like,2024-06-25
509472,U22123,N9803,Viewed,2024-08-20
509473,U22123,N61388,Viewed,2024-12-14
509474,U22123,N58090,Report,2024-06-15
509475,U22123,N42470,Like,2024-12-04
509476,U22123,N18285,Report,2024-07-13
509477,U22123,N10359,Viewed,2024-04-01
509478,U22123,N29862,Viewed,2024-08-13
511874,U29142,N20036,Comment,2024-04-05
511875,U29142,N6638,Viewed,2024-04-24
511876,U29142,N36779,Dislike,2024-04-14
511878,U29142,N19611,Report,2024-07-30
511880,U29142,N30290,Like,2024-08-27
511881,U29142,N46976,Viewed,2024-07-26
511882,U29142,N13408,Dislike,2024-09-22
511883,U29142,N19990,Report,2024-10-03
511884,U29142,N31958,Comment,2024-05-13
511886,U29142,N5940,Share,2024-05-07
511887,U29142,N53283,Dislike,2024-11-07
518318,U32446,N38256,Viewed,2024-06-02
518319,U32446,N4486,Viewed,2024-02-17
518320,U32446,N19495,Share,2024-10-08
518321,U32446,N58601,Report,2024-06-24
518324,U32446,N29862,Viewed,2024-01-16
518920,U70536,N16630,Share,2024-12-05
518921,U70536,N996,Dislike,2024-01-05
518922,U70536,N32443,Dislike,2024-01-27
518923,U70536,N23971,Dislike,2024-04-07
518924,U70536,N18347,Report,2024-11-29
518925,U70536,N25518,Report,2024-06-14
518926,U70536,N21493,Like,2024-04-23
518927,U70536,N30621,Share,2024-10-05
518928,U70536,N30199,Comment,2024-01-09
518929,U70536,N35022,Share,2024-04-21
518930,U70536,N40493,Viewed,2024-11-11
518931,U70536,N37131,Report,2024-11-10
518932,U70536,N41375,Share,2024-11-17
518933,U70536,N54850,Dislike,2024-05-31
518934,U70536,N2782,Dislike,2024-06-20
518935,U70536,N37352,Share,2024-11-30
518936,U70536,N30290,Viewed,2024-05-20
518937,U70536,N5940,Like,2024-06-29
518940,U70536,N19990,Report,2024-05-14
518941,U70536,N42844,Report,2024-03-31
518942,U70536,N53572,Like,2024-07-08
518943,U70536,N53283,Viewed,2024-10-09
518944,U70536,N47383,Dislike,2024-09-09
518945,U70536,N50775,Viewed,2024-06-14
518946,U70536,N13408,Dislike,2024-05-28
518947,U70536,N49285,Report,2024-05-03
518948,U70536,N6916,Report,2024-05-11
518949,U70536,N36779,Comment,2024-05-03
518951,U70536,N58098,Comment,2024-06-22
518952,U70536,N62365,Comment,2024-06-23
518953,U70536,N31958,Viewed,2024-09-18
522682,U92646,N45794,Report,2024-11-02
522683,U92646,N10470,Dislike,2024-06-06
522684,U92646,N43595,Share,2024-02-01
522685,U92646,N64273,Report,2024-03-10
522686,U92646,N46976,Dislike,2024-02-19
522687,U92646,N13408,Like,2024-11-28
522688,U92646,N31958,Like,2024-03-12
522689,U92646,N19990,Report,2024-05-21
522690,U92646,N6638,Viewed,2024-07-25
522692,U92646,N30290,Viewed,2024-04-26
522693,U92646,N42844,Report,2024-09-13
522694,U92646,N5940,Share,2024-02-24
522696,U92646,N20036,Share,2024-09-01
522698,U92646,N36779,Like,2024-02-24
522699,U92646,N53283,Share,2024-05-29
525351,U67052,N61007,Like,2024-01-07
525353,U67052,N4020,Report,2024-10-02
525354,U67052,N9151,Comment,2024-04-11
525355,U67052,N58641,Report,2024-11-01
525356,U67052,N27056,Viewed,2024-02-21
525357,U67052,N46392,Like,2024-06-06
525358,U67052,N53767,Viewed,2024-05-10
525359,U67052,N9798,Comment,2024-02-18
525360,U67052,N4150,Like,2024-01-15
525361,U67052,N16715,Comment,2024-10-11
525362,U67052,N24298,Comment,2024-12-09
525363,U67052,N12349,Report,2024-07-20
525364,U67052,N31070,Comment,2024-03-07
525365,U67052,N19990,Report,2024-07-01
525367,U67052,N49285,Report,2024-12-02
525368,U67052,N6916,Report,2024-04-17
525369,U67052,N42844,Report,2024-02-06
525371,U67052,N53572,Like,2024-01-01
525373,U67052,N58098,Like,2024-10-15
525376,U67052,N6400,Report,2024-07-14
525377,U67052,N5940,Dislike,2024-06-23
525378,U67052,N34130,Viewed,2024-03-13
525379,U67052,N31958,Comment,2024-09-13
525381,U67052,N11930,Comment,2024-02-11
525382,U67052,N29862,Share,2024-09-14
525384,U67052,N48740,Share,2024-02-13
525385,U67052,N50775,Viewed,2024-10-11
525386,U67052,N62365,Viewed,2024-06-17
530645,U22123,N5978,Report,2024-01-11
530646,U22123,N28139,Like,2024-11-16
530647,U22123,N9803,Share,2024-10-13
530648,U22123,N61388,Comment,2024-09-28
530649,U22123,N58090,Report,2024-06-10
530650,U22123,N42470,Comment,2024-01-18
530651,U22123,N18285,Report,2024-06-15
530652,U22123,N10359,Dislike,2024-09-12
530653,U22123,N53572,Comment,2024-05-24
530656,U22123,N6400,Report,2024-08-09
530657,U22123,N6074,Share,2024-10-01
531506,U76685,N36019,Dislike,2024-12-04
531507,U76685,N25677,Dislike,2024-02-12
531509,U76685,N29862,Comment,2024-10-04
531511,U76685,N6400,Report,2024-04-27
531513,U76685,N53572,Dislike,2024-05-15
531514,U76685,N6074,Comment,2024-10-26
534778,U53520,N42458,Report,2024-02-27
534779,U53520,N23049,Share,2024-08-14
534780,U53520,N26040,Dislike,2024-06-28
534781,U53520,N17799,Dislike,2024-10-31
534783,U53520,N14102,Share,2024-01-11
534784,U53520,N45610,Like,2024-05-31
534785,U53520,N28828,Share,2024-04-10
534786,U53520,N58090,Report,2024-03-09
534787,U53520,N1939,Dislike,2024-05-10
534788,U53520,N49023,Comment,2024-07-03
534789,U53520,N63835,Report,2024-07-21
534791,U53520,N6400,Report,2024-04-10
534793,U53520,N62365,Comment,2024-10-14
534795,U53520,N26485,Like,2024-05-19
534796,U53520,N53572,Comment,2024-02-22
534797,U53520,N50775,Comment,2024-11-22
534798,U53520,N29862,Dislike,2024-09-29
534800,U53520,N34130,Like,2024-12-12
534801,U53520,N5940,Viewed,2024-07-30
534802,U53520,N6916,Report,2024-05-27
534804,U53520,N19990,Report,2024-10-20
534805,U53520,N49285,Report,2024-11-29
534806,U53520,N58098,Dislike,2024-03-30
534807,U53520,N47383,Dislike,2024-12-12
534808,U53520,N42844,Report,2024-09-25
534809,U53520,N20477,Like,2024-05-30
534810,U53520,N31958,Like,2024-09-09
538349,U37382,N13887,Viewed,2024-03-21
538353,U37382,N3168,Dislike,2024-04-22
538354,U37382,N7618,Viewed,2024-09-14
538356,U37382,N29862,Share,2024-01-30
538357,U37382,N46749,Viewed,2024-06-22
538362,U37382,N11930,Share,2024-06-12
538365,U37382,N60675,Viewed,2024-12-15
538366,U37382,N60215,Report,2024-07-24
538368,U37382,N53572,Share,2024-07-09
541041,U87219,N13081,Comment,2024-03-09
541042,U87219,N60212,Viewed,2024-09-05
541043,U87219,N42767,Comment,2024-03-06
541044,U87219,N17242,Comment,2024-07-15
541045,U87219,N2960,Viewed,2024-06-03
541046,U87219,N36779,Viewed,2024-10-17
541047,U87219,N53346,Report,2024-05-11
541048,U87219,N30290,Viewed,2024-09-16
541049,U87219,N61233,Viewed,2024-10-17
541050,U87219,N5940,Share,2024-06-27
541051,U87219,N41934,Dislike,2024-05-02
541052,U87219,N29490,Report,2024-07-23
541053,U87219,N20036,Viewed,2024-06-01
541054,U87219,N36940,Share,2024-08-04
541055,U87219,N46917,Comment,2024-12-02
552493,U46466,N55189,Share,2024-05-31
552494,U46466,N6511,Share,2024-10-17
552495,U46466,N54496,Share,2024-03-31
552496,U46466,N6233,Viewed,2024-08-09
552497,U46466,N42553,Report,2024-09-01
552498,U46466,N2783,Dislike,2024-01-15
552499,U46466,N64395,Viewed,2024-10-24
552500,U46466,N461,Like,2024-06-06
552501,U46466,N56240,Report,2024-09-29
552502,U46466,N15892,Like,2024-12-17
552504,U46466,N19990,Report,2024-03-12
552505,U46466,N53754,Comment,2024-09-10
552506,U46466,N6638,Dislike,2024-06-18
552507,U46466,N40299,Share,2024-08-20
552508,U46466,N30290,Like,2024-11-18
552509,U46466,N58098,Comment,2024-04-19
552510,U46466,N11930,Viewed,2024-02-17
552511,U46466,N13408,Share,2024-12-11
552514,U46466,N31958,Comment,2024-09-21
552516,U46466,N58612,Viewed,2024-12-14
552517,U46466,N53283,Share,2024-12-12
552518,U46466,N46976,Comment,2024-04-28
552519,U46466,N36940,Like,2024-10-27
552520,U46466,N36779,Like,2024-01-17
552521,U46466,N36786,Comment,2024-04-14
552522,U46466,N5940,Dislike,2024-06-24
552523,U46466,N33397,Share,2024-11-17
552524,U46466,N42844,Report,2024-09-06
552525,U46466,N41946,Viewed,2024-02-11
552526,U46466,N6916,Report,2024-10-13
552527,U46466,N20036,Comment,2024-10-20
552528,U46466,N20187,Report,2024-12-11
552697,U58513,N32643,Viewed,2024-08-24
552698,U58513,N51852,Share,2024-11-02
552699,U58513,N27907,Like,2024-10-14
552700,U58513,N61864,Report,2024-11-26
552701,U58513,N60383,Dislike,2024-07-05
552702,U58513,N16715,Viewed,2024-02-09
552703,U58513,N29361,Dislike,2024-10-25
552704,U58513,N24298,Comment,2024-08-31
552705,U58513,N47020,Like,2024-10-23
552706,U58513,N31801,Dislike,2024-07-05
552707,U58513,N14385,Share,2024-04-27
552708,U58513,N31248,Dislike,2024-10-22
552709,U58513,N12349,Report,2024-12-07
552710,U58513,N57255,Comment,2024-07-06
552711,U58513,N28088,Like,2024-03-14
552712,U58513,N42620,Like,2024-05-09
552714,U58513,N27526,Dislike,2024-12-05
552715,U58513,N18870,Share,2024-06-04
552716,U58513,N40265,Viewed,2024-04-13
552717,U58513,N37509,Report,2024-02-07
552718,U58513,N15676,Share,2024-09-24
552719,U58513,N5940,Comment,2024-06-29
552720,U58513,N36779,Share,2024-11-17
552721,U58513,N36940,Share,2024-02-01
552722,U58513,N30290,Like,2024-10-30
552723,U58513,N20036,Viewed,2024-04-11
552724,U58513,N42767,Comment,2024-10-01
552725,U58513,N31958,Like,2024-02-05
554668,U76273,N51706,Share,2024-11-16
554669,U76273,N1603,Like,2024-05-23
554670,U76273,N56514,Like,2024-07-09
554671,U76273,N32109,Comment,2024-09-04
554672,U76273,N49731,Share,2024-03-23
554673,U76273,N9226,Viewed,2024-12-16
554674,U76273,N45794,Report,2024-03-15
554675,U76273,N58090,Report,2024-03-03
554676,U76273,N23554,Dislike,2024-02-29
554677,U76273,N57812,Share,2024-02-07
554678,U76273,N45999,Share,2024-12-02
554679,U76273,N27759,Report,2024-12-18
554680,U76273,N60184,Report,2024-11-19
554681,U76273,N2231,Dislike,2024-05-04
554682,U76273,N35710,Comment,2024-08-21
554683,U76273,N54522,Like,2024-02-01
554684,U76273,N42620,Like,2024-05-29
554686,U76273,N60985,Viewed,2024-09-12
554687,U76273,N20036,Comment,2024-11-09
554688,U76273,N19990,Report,2024-07-18
554689,U76273,N36779,Viewed,2024-09-20
554691,U76273,N6638,Share,2024-11-15
554692,U76273,N5940,Share,2024-12-14
554693,U76273,N53283,Share,2024-11-06
554695,U76273,N31958,Share,2024-10-19
554696,U76273,N13408,Share,2024-07-21
554697,U76273,N30290,Dislike,2024-05-19
554698,U76273,N46976,Like,2024-03-03
555083,U21602,N46868,Viewed,2024-04-20
555084,U21602,N29523,Like,2024-06-24
555085,U21602,N62481,Dislike,2024-11-21
555086,U21602,N32089,Share,2024-10-18
555087,U21602,N41073,Viewed,2024-02-16
555088,U21602,N39627,Viewed,2024-07-02
555089,U21602,N3854,Report,2024-04-09
555090,U21602,N17165,Viewed,2024-09-12
555091,U21602,N19474,Report,2024-09-17
555092,U21602,N57401,Share,2024-07-06
555093,U21602,N38166,Share,2024-05-23
555095,U21602,N36940,Like,2024-05-10
555096,U21602,N60939,Viewed,2024-04-26
555097,U21602,N31958,Dislike,2024-03-24
555098,U21602,N30290,Like,2024-06-19
555099,U21602,N19685,Share,2024-02-16
555100,U21602,N36779,Dislike,2024-09-18
555101,U21602,N46917,Viewed,2024-08-06
555102,U21602,N20036,Dislike,2024-08-01
555104,U21602,N5940,Comment,2024-06-10
555105,U21602,N13556,Dislike,2024-10-01
555106,U21602,N42767,Share,2024-03-14
556873,U24192,N28128,Like,2024-11-13
556874,U24192,N12349,Report,2024-11-15
556875,U24192,N9797,Share,2024-03-17
556876,U24192,N53907,Like,2024-04-16
556877,U24192,N62365,Comment,2024-10-22
556878,U24192,N30290,Share,2024-07-02
556879,U24192,N58098,Share,2024-01-25
556881,U24192,N13408,Dislike,2024-02-15
556882,U24192,N31958,Like,2024-02-25
556883,U24192,N18531,Report,2024-02-25
556884,U24192,N5940,Comment,2024-07-03
556885,U24192,N45289,Report,2024-12-14
556886,U24192,N36779,Dislike,2024-03-14
556887,U24192,N49285,Report,2024-02-18
556888,U24192,N60724,Share,2024-04-04
556891,U24192,N47383,Comment,2024-09-24
556892,U24192,N53572,Comment,2024-03-20
556893,U24192,N50775,Share,2024-08-04
556894,U24192,N42844,Report,2024-08-06
556896,U24192,N20477,Like,2024-06-14
556899,U24192,N19990,Report,2024-08-19
556900,U24192,N57560,Report,2024-10-23
556901,U24192,N6916,Report,2024-06-19
556902,U24192,N53283,Viewed,2024-02-05
556904,U24192,N37352,Share,2024-07-11
556905,U24192,N32207,Viewed,2024-11-14
556906,U24192,N11930,Viewed,2024-05-21
5665,U52036,N35022,Like,2025-02-12
4331,U52036,N35022,Like,2025-02-12
4331,U52036,N48740,Report,2025-02-12
7114,U52036,N35022,Like,2025-02-12
7114,U52036,N48740,Report,2025-02-12
8553,U19519,N46976,Like,2025-06-02
8851,U19519,N46976,Like,2025-06-04
4554,U19519,N46976,Like,2025-06-04
7374,U19519,N46976,Like,2025-06-04
9612,U19519,N46976,Like,2025-06-04
1816,U19519,N46976,Like,2025-06-04
9673,U19519,N46976,Like,2025-06-04
6197,U12188,N6074,Like,2025-06-09
6197,U12188,N5940,Like,2025-06-09
6197,U12188,N19990,Like,2025-06-09
6197,U12188,N31958,Like,2025-06-09
6197,U12188,N35216,Like,2025-06-09
6197,U12188,N6638,Report,2025-06-09
6197,U12188,N18870,Report,2025-06-09
5348,U19519,N58098,Like,2025-08-22
4790,U19519,N58098,Like,2025-08-22
4118,U19519,N58098,Like,2025-08-22
2139,U19519,N58098,Like,2025-08-27
3385,U19519,N58098,Like,2025-08-27
5911,U19519,N48740,Like,2025-09-18
5911,U19519,N48740,Dislike,2025-09-18
5357,U12188,N48740,Like,2025-09-22
5357,U12188,N48740,Dislike,2025-09-22
